latitude,longitude,brightness,scan,track,acq_date,acq_time,satellite,instrument,confidence,version,bright_t31,frp,daynight
35.37363,129.05791,329.26,0.39,0.36,2026-05-01,0436,SNPP,SNPP,n,2.0NRT,299.23,3.85,D
35.09834,128.86424,334.89,0.39,0.36,2026-05-01,0436,SNPP,SNPP,n,2.0NRT,300.88,2.87,D
35.95227,127.00962,330.33,0.39,0.36,2026-05-01,0436,SNPP,SNPP,l,2.0NRT,304.07,2.3,D
36.22609,128.12894,346.64,0.39,0.36,2026-05-01,0436,SNPP,SNPP,n,2.0NRT,296.36,3.53,D
36.50787,127.70144,332.2,0.38,0.36,2026-05-01,0436,SNPP,SNPP,n,2.0NRT,296.22,4.24,D
35.64783,128.40691,335.19,0.39,0.36,2026-05-01,0436,SNPP,SNPP,n,2.0NRT,299.58,3.64,D
35.91192,128.62062,325.86,0.39,0.36,2026-05-01,0436,SNPP,SNPP,l,2.0NRT,300.11,2.18,D
37.41616,126.70677,330.3,0.39,0.36,2026-05-01,0438,SNPP,SNPP,l,2.0NRT,302.72,3.64,D
37.49078,126.64417,330.08,0.39,0.36,2026-05-01,0438,SNPP,SNPP,l,2.0NRT,303.09,1.47,D
37.81638,127.18655,341.32,0.38,0.36,2026-05-01,0438,SNPP,SNPP,n,2.0NRT,309.65,13.06,D
36.86611,127.76374,336.42,0.38,0.36,2026-05-01,0438,SNPP,SNPP,n,2.0NRT,295.42,2.81,D
36.98197,126.71116,336.29,0.39,0.36,2026-05-01,0438,SNPP,SNPP,l,2.0NRT,307.51,3.07,D
37.02687,128.32066,335.83,0.39,0.36,2026-05-01,0438,SNPP,SNPP,n,2.0NRT,305.81,3.64,D
36.98526,126.71033,337.99,0.39,0.36,2026-05-01,0438,SNPP,SNPP,n,2.0NRT,307.23,3.07,D
36.98582,126.69232,332.12,0.39,0.36,2026-05-01,0438,SNPP,SNPP,l,2.0NRT,305.04,2.29,D
37.16568,127.63344,339.81,0.38,0.36,2026-05-01,0438,SNPP,SNPP,n,2.0NRT,303.06,2.68,D
37.4826,129.05191,330.99,0.4,0.37,2026-05-01,0438,SNPP,SNPP,n,2.0NRT,303.85,4.01,D
37.48277,129.04855,333.9,0.4,0.37,2026-05-01,0438,SNPP,SNPP,n,2.0NRT,303.93,4.04,D
37.39834,126.70219,331.53,0.39,0.36,2026-05-01,0438,SNPP,SNPP,l,2.0NRT,304.41,4.52,D
35.99796,129.39857,303.9,0.57,0.43,2026-05-01,1658,SNPP,SNPP,n,2.0NRT,279.74,1.76,N
35.49843,129.35229,295.97,0.56,0.43,2026-05-01,1658,SNPP,SNPP,n,2.0NRT,281.85,0.73,N
35.09787,128.86232,302.79,0.39,0.44,2026-05-01,1658,SNPP,SNPP,n,2.0NRT,278.19,0.62,N
36.97993,126.69193,298.86,0.54,0.51,2026-05-01,1658,SNPP,SNPP,n,2.0NRT,276.71,1.53,N
37.59822,129.01326,304.7,0.41,0.45,2026-05-01,1658,SNPP,SNPP,n,2.0NRT,287.18,0.88,N
37.59406,129.01268,306.62,0.41,0.45,2026-05-01,1658,SNPP,SNPP,n,2.0NRT,284.55,0.88,N
37.48401,129.04987,317.3,0.41,0.45,2026-05-01,1658,SNPP,SNPP,n,2.0NRT,290.72,2.22,N
37.48357,129.05434,311.33,0.41,0.45,2026-05-01,1658,SNPP,SNPP,n,2.0NRT,286.83,1.64,N
37.47988,129.04913,299.05,0.41,0.45,2026-05-01,1658,SNPP,SNPP,n,2.0NRT,285.31,0.77,N
37.42318,129.17413,309.91,0.4,0.44,2026-05-01,1658,SNPP,SNPP,n,2.0NRT,285.08,1.15,N
37.01097,128.3398,295.93,0.44,0.46,2026-05-01,1658,SNPP,SNPP,n,2.0NRT,272.73,0.72,N
36.98882,126.69924,297.24,0.54,0.51,2026-05-01,1658,SNPP,SNPP,n,2.0NRT,275.59,1.18,N
36.98514,126.68638,295.16,0.54,0.51,2026-05-01,1658,SNPP,SNPP,n,2.0NRT,275.09,1.53,N
36.98463,126.69254,307.33,0.54,0.51,2026-05-01,1658,SNPP,SNPP,n,2.0NRT,276.88,1.53,N
36.98311,126.71099,307.11,0.54,0.51,2026-05-01,1658,SNPP,SNPP,n,2.0NRT,276.27,1.97,N
36.02773,129.39691,302.17,0.57,0.43,2026-05-01,1658,SNPP,SNPP,n,2.0NRT,281.32,1.62,N
36.02042,129.38925,296.33,0.57,0.43,2026-05-01,1658,SNPP,SNPP,n,2.0NRT,281.12,2.08,N
36.02656,129.39682,296.2,0.57,0.43,2026-05-01,1658,SNPP,SNPP,n,2.0NRT,279.99,1.13,N
36.00872,129.37447,303.65,0.57,0.43,2026-05-01,1658,SNPP,SNPP,n,2.0NRT,279.96,2.48,N
36.00733,129.38721,298.07,0.57,0.43,2026-05-01,1658,SNPP,SNPP,n,2.0NRT,281.09,1.99,N
36.00005,129.37955,311.73,0.57,0.43,2026-05-01,1658,SNPP,SNPP,n,2.0NRT,281.45,1.73,N
35.99865,129.39227,306.67,0.57,0.43,2026-05-01,1658,SNPP,SNPP,n,2.0NRT,280.69,1.32,N
36.00642,129.38597,312.24,0.63,0.72,2026-05-03,1620,SNPP,SNPP,n,2.0NRT,284.04,2.78,N
35.99948,129.39304,307.63,0.63,0.72,2026-05-03,1620,SNPP,SNPP,n,2.0NRT,283.3,2.78,N
36.00466,129.38867,321.36,0.63,0.72,2026-05-03,1620,SNPP,SNPP,n,2.0NRT,284.12,2.72,N
36.00489,129.38133,297.16,0.63,0.72,2026-05-03,1620,SNPP,SNPP,n,2.0NRT,283.15,2.72,N
35.99769,129.39563,300.58,0.63,0.72,2026-05-03,1620,SNPP,SNPP,n,2.0NRT,282.91,1.57,N
35.0808,128.9874,298.18,0.66,0.73,2026-05-03,1620,SNPP,SNPP,n,2.0NRT,282.17,1,N
35.08007,128.98827,296.2,0.66,0.73,2026-05-03,1620,SNPP,SNPP,n,2.0NRT,281.95,1.19,N
36.00583,129.39156,301.89,0.61,0.53,2026-05-03,1800,SNPP,SNPP,n,2.0NRT,283.23,1.84,N
37.48987,126.64159,309.18,0.41,0.45,2026-05-03,1800,SNPP,SNPP,n,2.0NRT,281.99,2.05,N
36.98693,126.69936,297.48,0.42,0.45,2026-05-03,1800,SNPP,SNPP,n,2.0NRT,282.6,0.69,N
36.98489,126.70855,318.32,0.42,0.45,2026-05-03,1800,SNPP,SNPP,n,2.0NRT,284.54,1.78,N
36.98387,126.71313,314.6,0.42,0.45,2026-05-03,1800,SNPP,SNPP,n,2.0NRT,282.55,1.78,N
36.98493,126.68874,305.02,0.42,0.45,2026-05-03,1800,SNPP,SNPP,n,2.0NRT,284.71,1.31,N
36.98185,126.70255,295.92,0.42,0.45,2026-05-03,1800,SNPP,SNPP,n,2.0NRT,282.97,0.59,N
36.98083,126.70714,296.67,0.42,0.45,2026-05-03,1800,SNPP,SNPP,n,2.0NRT,284.71,0.92,N
36.97979,126.71178,301.69,0.42,0.45,2026-05-03,1800,SNPP,SNPP,n,2.0NRT,280.83,0.92,N
36.98087,126.68735,305.41,0.42,0.45,2026-05-03,1800,SNPP,SNPP,n,2.0NRT,284.81,1.31,N
36.98339,126.71104,338.5,0.42,0.45,2026-05-03,1800,SNPP,SNPP,n,2.0NRT,285.29,4.58,N
36.98538,126.70184,296.03,0.42,0.45,2026-05-03,1800,SNPP,SNPP,n,2.0NRT,282.85,2.68,N
36.98432,126.68659,303.68,0.42,0.45,2026-05-03,1800,SNPP,SNPP,n,2.0NRT,281.89,1.26,N
36.98332,126.6912,305.94,0.42,0.45,2026-05-03,1800,SNPP,SNPP,n,2.0NRT,284.71,1.76,N
36.0094,129.38477,297.25,0.61,0.53,2026-05-03,1800,SNPP,SNPP,n,2.0NRT,284.47,1.06,N
36.00744,129.38496,295.97,0.61,0.53,2026-05-03,1800,SNPP,SNPP,n,2.0NRT,284.14,1.62,N
36.00108,129.38971,301.14,0.61,0.53,2026-05-03,1800,SNPP,SNPP,n,2.0NRT,283.75,1.84,N
35.99946,129.39633,312.62,0.61,0.53,2026-05-03,1800,SNPP,SNPP,n,2.0NRT,285.69,1.84,N
35.4477,129.33867,297.33,0.62,0.54,2026-05-03,1800,SNPP,SNPP,n,2.0NRT,287.3,1.52,N
35.97146,126.60831,301.41,0.44,0.46,2026-05-03,1800,SNPP,SNPP,n,2.0NRT,282.34,1.12,N
36.98411,126.69076,329.93,0.33,0.55,2026-05-04,0523,SNPP,SNPP,l,2.0NRT,302.91,1.85,D
36.98387,126.68702,330.33,0.33,0.55,2026-05-04,0523,SNPP,SNPP,n,2.0NRT,297.63,1.85,D
35.50081,129.35327,295.35,0.53,0.42,2026-05-04,1741,SNPP,SNPP,n,2.0NRT,284.67,0.77,N
35.44783,129.33704,296.92,0.53,0.42,2026-05-04,1741,SNPP,SNPP,n,2.0NRT,286.9,1.9,N
35.97137,126.60899,305.68,0.41,0.37,2026-05-04,1741,SNPP,SNPP,n,2.0NRT,285.17,1.09,N
35.08316,128.98643,305.71,0.52,0.42,2026-05-04,1741,SNPP,SNPP,n,2.0NRT,284.92,1.23,N
35.08199,128.99222,297.7,0.52,0.42,2026-05-04,1741,SNPP,SNPP,n,2.0NRT,285.84,1.13,N
37.59664,129.01204,306.69,0.48,0.4,2026-05-04,1741,SNPP,SNPP,n,2.0NRT,287.33,1.31,N
37.48368,129.04759,314.35,0.48,0.4,2026-05-04,1741,SNPP,SNPP,n,2.0NRT,287.94,2.43,N
37.42845,129.17749,297.76,0.49,0.4,2026-05-04,1741,SNPP,SNPP,n,2.0NRT,285.47,0.53,N
37.42234,129.16933,301.91,0.49,0.4,2026-05-04,1741,SNPP,SNPP,n,2.0NRT,285.31,1.36,N
37.23071,128.32227,310.62,0.45,0.39,2026-05-04,1741,SNPP,SNPP,n,2.0NRT,281.88,2.03,N
37.20543,128.29871,300.8,0.45,0.39,2026-05-04,1741,SNPP,SNPP,n,2.0NRT,278.8,1.1,N
37.1865,128.31958,296.72,0.45,0.39,2026-05-04,1741,SNPP,SNPP,n,2.0NRT,279.83,0.65,N
37.48944,126.64206,319.35,0.4,0.37,2026-05-04,1741,SNPP,SNPP,n,2.0NRT,283.9,2.44,N
37.02614,128.32138,324.96,0.46,0.39,2026-05-04,1741,SNPP,SNPP,n,2.0NRT,284.02,3.3,N
37.01071,128.34343,303.46,0.46,0.39,2026-05-04,1741,SNPP,SNPP,n,2.0NRT,279.5,0.77,N
36.98263,126.71201,338.89,0.41,0.37,2026-05-04,1741,SNPP,SNPP,n,2.0NRT,285.85,4.81,N
36.98328,126.68844,331.46,0.41,0.37,2026-05-04,1741,SNPP,SNPP,n,2.0NRT,288.7,2.26,N
36.98248,126.69295,299.26,0.41,0.37,2026-05-04,1741,SNPP,SNPP,n,2.0NRT,284.95,2.26,N
36.98087,126.702,295.03,0.41,0.37,2026-05-04,1741,SNPP,SNPP,n,2.0NRT,284.78,0.73,N
36.95335,126.61854,304.24,0.41,0.37,2026-05-04,1741,SNPP,SNPP,n,2.0NRT,281.55,0.94,N
36.02643,129.39217,298.12,0.52,0.42,2026-05-04,1741,SNPP,SNPP,n,2.0NRT,285.73,1.11,N
36.02383,129.3853,297.56,0.52,0.42,2026-05-04,1741,SNPP,SNPP,n,2.0NRT,285.21,1.33,N
36.01892,129.38983,297.69,0.52,0.42,2026-05-04,1741,SNPP,SNPP,n,2.0NRT,285.32,1,N
36.00766,129.38634,304.19,0.52,0.42,2026-05-04,1741,SNPP,SNPP,n,2.0NRT,286.03,1.47,N
36.00622,129.37383,299.4,0.52,0.42,2026-05-04,1741,SNPP,SNPP,n,2.0NRT,282.41,1.52,N
36.00507,129.37949,306.6,0.52,0.42,2026-05-04,1741,SNPP,SNPP,n,2.0NRT,284.04,1.52,N
36.00274,129.39085,308.44,0.52,0.42,2026-05-04,1741,SNPP,SNPP,n,2.0NRT,285.88,1.47,N
35.99781,129.3954,326.99,0.52,0.42,2026-05-04,1741,SNPP,SNPP,n,2.0NRT,285.6,3.42,N
36.00459,129.38788,326.62,0.73,0.76,2026-05-05,0321,SNPP,SNPP,l,2.0NRT,300.59,7.42,D
36.00277,129.39255,339.36,0.5,0.49,2026-05-05,0501,SNPP,SNPP,l,2.0NRT,309.86,7.81,D
36.98241,126.71104,347.31,0.55,0.43,2026-05-05,0501,SNPP,SNPP,n,2.0NRT,314.32,10.05,D
36.98085,126.70961,335.46,0.55,0.43,2026-05-05,0501,SNPP,SNPP,l,2.0NRT,309.8,12.68,D
36.03046,129.39536,306.5,0.39,0.36,2026-05-05,1722,SNPP,SNPP,n,2.0NRT,288.91,1.23,N
37.59607,129.01291,314.81,0.38,0.36,2026-05-05,1722,SNPP,SNPP,n,2.0NRT,291.55,1.52,N
37.48414,129.05464,308.93,0.38,0.36,2026-05-05,1722,SNPP,SNPP,n,2.0NRT,288.27,1.11,N
37.48153,129.04955,328.03,0.38,0.36,2026-05-05,1722,SNPP,SNPP,n,2.0NRT,292.6,2.4,N
37.42712,129.17941,308.52,0.38,0.36,2026-05-05,1722,SNPP,SNPP,n,2.0NRT,290.85,1.04,N
37.42451,129.1743,305.6,0.38,0.36,2026-05-05,1722,SNPP,SNPP,n,2.0NRT,289.55,0.77,N
37.42122,129.17349,298.66,0.38,0.36,2026-05-05,1722,SNPP,SNPP,n,2.0NRT,286.78,0.59,N
37.49184,126.64291,306.51,0.42,0.38,2026-05-05,1722,SNPP,SNPP,n,2.0NRT,284.75,1.23,N
37.48902,126.63743,306.3,0.42,0.38,2026-05-05,1722,SNPP,SNPP,n,2.0NRT,286.17,1.16,N
37.48557,126.6367,302.5,0.42,0.38,2026-05-05,1722,SNPP,SNPP,n,2.0NRT,284.46,0.76,N
37.22954,128.32164,316.95,0.39,0.36,2026-05-05,1722,SNPP,SNPP,n,2.0NRT,283.81,1.85,N
37.20499,128.30237,308.96,0.39,0.36,2026-05-05,1722,SNPP,SNPP,n,2.0NRT,282.7,1.06,N
37.20312,128.29932,296.55,0.39,0.36,2026-05-05,1722,SNPP,SNPP,n,2.0NRT,279.25,0.63,N
37.18595,128.32236,304.1,0.39,0.36,2026-05-05,1722,SNPP,SNPP,n,2.0NRT,282.73,0.93,N
37.02687,128.31877,323.31,0.39,0.36,2026-05-05,1722,SNPP,SNPP,n,2.0NRT,284.31,1.53,N
37.01303,128.34248,307.66,0.39,0.36,2026-05-05,1722,SNPP,SNPP,n,2.0NRT,283.06,1.64,N
37.01103,128.33301,305.56,0.39,0.36,2026-05-05,1722,SNPP,SNPP,n,2.0NRT,281.99,0.6,N
36.98602,126.7039,297.31,0.42,0.37,2026-05-05,1722,SNPP,SNPP,n,2.0NRT,286.95,1.25,N
36.9813,126.71251,328.48,0.42,0.37,2026-05-05,1722,SNPP,SNPP,n,2.0NRT,286.85,2.45,N
36.98451,126.68918,315.71,0.42,0.37,2026-05-05,1722,SNPP,SNPP,n,2.0NRT,289.17,1.7,N
36.98258,126.70319,299.61,0.42,0.37,2026-05-05,1722,SNPP,SNPP,n,2.0NRT,287.32,1.25,N
36.98108,126.68847,309.82,0.42,0.37,2026-05-05,1722,SNPP,SNPP,n,2.0NRT,289.18,1.54,N
36.98043,126.69314,298.63,0.42,0.37,2026-05-05,1722,SNPP,SNPP,n,2.0NRT,284.33,1.06,N
36.95502,126.6204,298.93,0.42,0.38,2026-05-05,1722,SNPP,SNPP,n,2.0NRT,282.65,0.62,N
36.02717,129.39452,304.31,0.39,0.36,2026-05-05,1722,SNPP,SNPP,n,2.0NRT,288.3,1.01,N
36.02648,129.39876,296.32,0.39,0.36,2026-05-05,1722,SNPP,SNPP,n,2.0NRT,285.29,0.39,N
36.02525,129.38525,302.41,0.39,0.36,2026-05-05,1722,SNPP,SNPP,n,2.0NRT,287.85,0.92,N
36.02388,129.39371,309.49,0.39,0.36,2026-05-05,1722,SNPP,SNPP,n,2.0NRT,289.31,1.01,N
36.02197,129.38443,300.56,0.39,0.36,2026-05-05,1722,SNPP,SNPP,n,2.0NRT,286.48,0.53,N
36.01936,129.37941,300.37,0.39,0.36,2026-05-05,1722,SNPP,SNPP,n,2.0NRT,287.66,0.53,N
36.01867,129.38365,302.69,0.39,0.36,2026-05-05,1722,SNPP,SNPP,n,2.0NRT,288.18,0.53,N
36.01799,129.38786,314.14,0.39,0.36,2026-05-05,1722,SNPP,SNPP,n,2.0NRT,287.92,1.72,N
36.01607,129.3786,301.29,0.39,0.36,2026-05-05,1722,SNPP,SNPP,n,2.0NRT,287.1,1.18,N
36.00949,129.37698,297.59,0.39,0.36,2026-05-05,1722,SNPP,SNPP,n,2.0NRT,285.99,0.67,N
36.00812,129.38544,307.82,0.39,0.36,2026-05-05,1722,SNPP,SNPP,n,2.0NRT,288.57,1,N
36.0062,129.37616,308.13,0.39,0.36,2026-05-05,1722,SNPP,SNPP,n,2.0NRT,284.68,0.67,N
36.00483,129.38463,307.47,0.39,0.36,2026-05-05,1722,SNPP,SNPP,n,2.0NRT,290.49,1,N
36.00414,129.38887,308.12,0.39,0.36,2026-05-05,1722,SNPP,SNPP,n,2.0NRT,288.58,1,N
36.00346,129.3931,305.59,0.39,0.36,2026-05-05,1722,SNPP,SNPP,n,2.0NRT,288.86,1.04,N
35.99879,129.40076,330.78,0.39,0.36,2026-05-05,1722,SNPP,SNPP,n,2.0NRT,290.55,2.82,N
35.99948,129.39653,309.28,0.39,0.36,2026-05-05,1722,SNPP,SNPP,n,2.0NRT,289.61,1.79,N
35.49992,129.353,300.97,0.39,0.36,2026-05-05,1722,SNPP,SNPP,n,2.0NRT,287.34,0.76,N
35.08281,128.98836,320,0.38,0.36,2026-05-05,1724,SNPP,SNPP,n,2.0NRT,286.32,1.02,N
34.84138,127.70756,299.84,0.39,0.36,2026-05-05,1724,SNPP,SNPP,n,2.0NRT,287.3,0.94,N
35.08221,128.98834,335.06,0.42,0.38,2026-05-06,0444,SNPP,SNPP,n,2.0NRT,307.46,3.07,D
35.11078,126.75652,335.6,0.39,0.36,2026-05-06,0444,SNPP,SNPP,l,2.0NRT,310.35,4.33,D
35.11722,126.77679,338.61,0.39,0.36,2026-05-06,0444,SNPP,SNPP,n,2.0NRT,307.54,2.74,D
35.11863,126.76346,338.18,0.39,0.36,2026-05-06,0444,SNPP,SNPP,l,2.0NRT,310.63,3.84,D
35.4478,128.7868,339.32,0.42,0.38,2026-05-06,0444,SNPP,SNPP,n,2.0NRT,304.01,1.93,D
35.45125,128.7861,348.97,0.42,0.38,2026-05-06,0444,SNPP,SNPP,n,2.0NRT,305.87,1.93,D
35.47741,127.2416,336.11,0.39,0.36,2026-05-06,0444,SNPP,SNPP,n,2.0NRT,302.49,2.63,D
37.16883,128.40408,345.1,0.42,0.38,2026-05-06,0444,SNPP,SNPP,n,2.0NRT,302.88,2.74,D
37.1682,128.39932,330.32,0.42,0.38,2026-05-06,0444,SNPP,SNPP,n,2.0NRT,299.56,2.74,D
37.17229,128.40343,336.94,0.42,0.38,2026-05-06,0444,SNPP,SNPP,n,2.0NRT,300.68,2.71,D
37.17103,128.39388,357.08,0.42,0.38,2026-05-06,0444,SNPP,SNPP,l,2.0NRT,303.86,7.95,D
37.17575,128.40273,339.2,0.42,0.38,2026-05-06,0444,SNPP,SNPP,n,2.0NRT,301.72,2.71,D
37.17511,128.39793,327.55,0.42,0.38,2026-05-06,0444,SNPP,SNPP,l,2.0NRT,298.94,2.71,D
37.17448,128.39317,357.16,0.42,0.38,2026-05-06,0444,SNPP,SNPP,l,2.0NRT,305.94,7.95,D
37.17369,128.40482,348.94,0.42,0.38,2026-05-06,0444,SNPP,SNPP,n,2.0NRT,303.19,8.41,D
37.17246,128.39523,351.47,0.42,0.38,2026-05-06,0444,SNPP,SNPP,n,2.0NRT,304,6.18,D
37.17184,128.39047,343.09,0.42,0.38,2026-05-06,0444,SNPP,SNPP,n,2.0NRT,302.11,6.18,D
37.17591,128.39453,344.94,0.42,0.38,2026-05-06,0444,SNPP,SNPP,n,2.0NRT,299.4,6.18,D
36.98177,126.69946,332.62,0.39,0.36,2026-05-06,0444,SNPP,SNPP,l,2.0NRT,304.98,4,D
36.98382,126.69001,343.31,0.39,0.36,2026-05-06,0444,SNPP,SNPP,n,2.0NRT,307.99,4.96,D
37.23065,128.32516,329.74,0.42,0.38,2026-05-06,0444,SNPP,SNPP,n,2.0NRT,304.45,2.4,D
37.59511,129.01109,305.45,0.52,0.41,2026-05-06,1705,SNPP,SNPP,n,2.0NRT,279.7,1.46,N
37.48357,129.05042,303.43,0.52,0.41,2026-05-06,1705,SNPP,SNPP,n,2.0NRT,275.39,1.84,N
37.42265,129.17538,297.87,0.51,0.41,2026-05-06,1705,SNPP,SNPP,n,2.0NRT,279.6,1.18,N
36.98346,126.68922,305.32,0.44,0.46,2026-05-06,1705,SNPP,SNPP,n,2.0NRT,274.1,1.83,N
36.98149,126.7093,300.61,0.44,0.46,2026-05-06,1705,SNPP,SNPP,n,2.0NRT,267.13,0.57,N
35.08362,128.98993,325.01,0.49,0.4,2026-05-06,1705,SNPP,SNPP,n,2.0NRT,288.07,2.21,N
35.09922,128.86009,307.61,0.49,0.41,2026-05-06,1705,SNPP,SNPP,n,2.0NRT,285.58,1.17,N
35.08398,128.99055,337.83,0.41,0.37,2026-05-07,0423,SNPP,SNPP,n,2.0NRT,302.15,5.21,D
36.00309,129.39148,335.96,0.39,0.36,2026-05-07,0423,SNPP,SNPP,n,2.0NRT,302.65,4,D
37.59677,129.01176,298.06,0.61,0.53,2026-05-07,1643,SNPP,SNPP,n,2.0NRT,280.6,1.36,N
37.48397,129.04926,310.17,0.6,0.53,2026-05-07,1643,SNPP,SNPP,n,2.0NRT,286.27,3.4,N
37.48299,129.04953,312.25,0.6,0.53,2026-05-07,1643,SNPP,SNPP,n,2.0NRT,286.68,4.52,N
36.98726,126.68994,312.14,0.4,0.6,2026-05-07,1645,SNPP,SNPP,n,2.0NRT,285.54,1.1,N
36.98164,126.68946,325.18,0.4,0.6,2026-05-07,1645,SNPP,SNPP,n,2.0NRT,288.92,3.02,N
36.98191,126.68479,299.32,0.4,0.6,2026-05-07,1645,SNPP,SNPP,n,2.0NRT,281.77,2.04,N
36.98059,126.70807,296.15,0.4,0.6,2026-05-07,1645,SNPP,SNPP,n,2.0NRT,283.75,0.8,N
36.98033,126.71265,309.49,0.4,0.6,2026-05-07,1645,SNPP,SNPP,n,2.0NRT,282.12,0.8,N
37.4226,129.16565,295.71,0.58,0.7,2026-05-07,1826,SNPP,SNPP,n,2.0NRT,284.87,1.62,N
37.23257,128.32013,297.77,0.53,0.67,2026-05-07,1826,SNPP,SNPP,n,2.0NRT,282.95,1.41,N
36.98767,126.69942,295.01,0.45,0.63,2026-05-07,1826,SNPP,SNPP,n,2.0NRT,283.83,0.94,N
36.98494,126.70908,302.95,0.45,0.63,2026-05-07,1826,SNPP,SNPP,n,2.0NRT,284.29,1.15,N
36.98489,126.68718,308.79,0.45,0.63,2026-05-07,1826,SNPP,SNPP,n,2.0NRT,287.04,1.19,N
36.98352,126.69205,295.32,0.45,0.63,2026-05-07,1826,SNPP,SNPP,n,2.0NRT,284.71,1.19,N
36.98552,126.68652,302.63,0.45,0.63,2026-05-07,1826,SNPP,SNPP,n,2.0NRT,283.9,2.11,N
36.98418,126.69139,298.51,0.45,0.63,2026-05-07,1826,SNPP,SNPP,n,2.0NRT,285.37,2.07,N
36.95475,126.61828,298.05,0.44,0.63,2026-05-07,1826,SNPP,SNPP,n,2.0NRT,280.49,0.91,N
35.55186,129.36751,336.52,0.39,0.44,2026-05-08,0406,SNPP,SNPP,n,2.0NRT,305.59,5.14,D
35.48894,128.60677,332.61,0.43,0.46,2026-05-08,0406,SNPP,SNPP,n,2.0NRT,299.16,3.6,D
35.14141,126.78927,326.21,0.55,0.51,2026-05-08,0406,SNPP,SNPP,l,2.0NRT,300.23,2.74,D
35.73289,128.4687,330.06,0.43,0.46,2026-05-08,0406,SNPP,SNPP,l,2.0NRT,302.64,5.38,D
35.99872,129.39502,331.78,0.39,0.44,2026-05-08,0406,SNPP,SNPP,l,2.0NRT,305.95,3.35,D
35.94516,128.2245,330.32,0.44,0.46,2026-05-08,0406,SNPP,SNPP,n,2.0NRT,295.94,3.77,D
36.83983,127.52042,325.41,0.46,0.47,2026-05-08,0406,SNPP,SNPP,n,2.0NRT,298.8,3.49,D
36.98177,126.70995,330.31,0.5,0.49,2026-05-08,0406,SNPP,SNPP,l,2.0NRT,304.34,5.6,D
36.9867,126.6902,329.65,0.5,0.49,2026-05-08,0406,SNPP,SNPP,l,2.0NRT,301.04,6.26,D
37.59969,129.01007,295.75,0.55,0.68,2026-05-08,1626,SNPP,SNPP,n,2.0NRT,281.98,0.86,N
37.59834,129.00999,300.01,0.55,0.68,2026-05-08,1626,SNPP,SNPP,n,2.0NRT,282,1.7,N
37.48692,129.05429,300.02,0.55,0.68,2026-05-08,1626,SNPP,SNPP,n,2.0NRT,281.22,1.43,N
37.48075,129.04765,309.02,0.55,0.68,2026-05-08,1626,SNPP,SNPP,n,2.0NRT,281.18,1.43,N
37.42552,129.1716,296.78,0.54,0.68,2026-05-08,1626,SNPP,SNPP,n,2.0NRT,281.01,0.72,N
37.4232,129.17192,297.39,0.54,0.68,2026-05-08,1626,SNPP,SNPP,n,2.0NRT,281.23,0.44,N
37.01164,128.3326,295.75,0.6,0.7,2026-05-08,1626,SNPP,SNPP,n,2.0NRT,280.38,1.32,N
36.98758,126.69067,299.1,0.73,0.76,2026-05-08,1626,SNPP,SNPP,n,2.0NRT,283.89,2.56,N
36.98732,126.70808,295.18,0.73,0.76,2026-05-08,1626,SNPP,SNPP,n,2.0NRT,283.89,1.65,N
36.98042,126.69049,301.01,0.73,0.76,2026-05-08,1626,SNPP,SNPP,n,2.0NRT,282.79,2.56,N
36.98017,126.70779,296.49,0.73,0.76,2026-05-08,1626,SNPP,SNPP,n,2.0NRT,281.75,1.65,N
36.98563,126.68718,316.25,0.73,0.76,2026-05-08,1626,SNPP,SNPP,n,2.0NRT,287.3,4.62,N
36.98511,126.71327,297.17,0.73,0.76,2026-05-08,1626,SNPP,SNPP,n,2.0NRT,282.47,1.92,N
36.02911,129.39066,300.56,0.52,0.66,2026-05-08,1626,SNPP,SNPP,n,2.0NRT,285.77,1.05,N
36.02888,129.39661,297.75,0.51,0.66,2026-05-08,1626,SNPP,SNPP,n,2.0NRT,284.65,1.05,N
36.00688,129.38152,310.39,0.52,0.66,2026-05-08,1626,SNPP,SNPP,n,2.0NRT,287.29,1.77,N
36.00663,129.38745,297.09,0.51,0.66,2026-05-08,1626,SNPP,SNPP,n,2.0NRT,284.9,1.77,N
36.00016,129.39296,301.17,0.51,0.66,2026-05-08,1626,SNPP,SNPP,n,2.0NRT,284.67,1.63,N
35.36733,128.48792,296.03,0.57,0.69,2026-05-08,1626,SNPP,SNPP,n,2.0NRT,281.79,1.23,N
35.36737,128.48831,297.18,0.57,0.69,2026-05-08,1626,SNPP,SNPP,n,2.0NRT,281.67,0.87,N
37.59776,129.01051,297.47,0.32,0.55,2026-05-08,1806,SNPP,SNPP,n,2.0NRT,284.88,0.5,N
37.48417,129.05492,298.23,0.33,0.55,2026-05-08,1806,SNPP,SNPP,n,2.0NRT,282.12,0.27,N
37.48125,129.04532,308.41,0.33,0.55,2026-05-08,1806,SNPP,SNPP,n,2.0NRT,283.89,2.04,N
37.48286,129.04721,319.94,0.33,0.55,2026-05-08,1806,SNPP,SNPP,n,2.0NRT,287.74,1.27,N
37.42799,129.17845,300.84,0.33,0.55,2026-05-08,1806,SNPP,SNPP,n,2.0NRT,283.31,0.6,N
37.42418,129.17203,308.15,0.33,0.55,2026-05-08,1806,SNPP,SNPP,n,2.0NRT,284.39,1.27,N
37.22993,128.32233,303.86,0.61,0.53,2026-05-08,1806,SNPP,SNPP,n,2.0NRT,280.02,1.53,N
37.20485,128.29776,300.86,0.61,0.53,2026-05-08,1806,SNPP,SNPP,n,2.0NRT,279,1.54,N
37.22773,128.32352,304.59,0.61,0.53,2026-05-08,1806,SNPP,SNPP,n,2.0NRT,279.33,1.98,N
37.20254,128.29893,298.55,0.61,0.53,2026-05-08,1806,SNPP,SNPP,n,2.0NRT,277.9,1.04,N
37.48702,126.6403,298.69,0.49,0.49,2026-05-08,1806,SNPP,SNPP,n,2.0NRT,284.22,0.93,N
37.02809,128.32031,295.71,0.61,0.54,2026-05-08,1806,SNPP,SNPP,n,2.0NRT,278.7,1.04,N
37.01181,128.34335,302.9,0.62,0.54,2026-05-08,1806,SNPP,SNPP,n,2.0NRT,280.47,1.2,N
36.98502,126.72953,296.91,0.51,0.49,2026-05-08,1806,SNPP,SNPP,n,2.0NRT,282.55,0.75,N
36.98714,126.70013,302.29,0.51,0.49,2026-05-08,1806,SNPP,SNPP,n,2.0NRT,285.44,1.22,N
36.98455,126.71117,304.43,0.51,0.49,2026-05-08,1806,SNPP,SNPP,n,2.0NRT,285.6,2,N
36.98535,126.6874,299.3,0.5,0.49,2026-05-08,1806,SNPP,SNPP,n,2.0NRT,283.55,1.2,N
36.98405,126.69293,300.05,0.51,0.49,2026-05-08,1806,SNPP,SNPP,n,2.0NRT,285.24,1.19,N
36.98014,126.70956,306.94,0.51,0.49,2026-05-08,1806,SNPP,SNPP,n,2.0NRT,284.74,2.03,N
36.98095,126.6858,301.45,0.5,0.49,2026-05-08,1806,SNPP,SNPP,n,2.0NRT,283.2,1.2,N
36.97964,126.69132,297.81,0.51,0.49,2026-05-08,1806,SNPP,SNPP,n,2.0NRT,284.3,1.19,N
37.00497,126.39204,296.95,0.49,0.48,2026-05-08,1806,SNPP,SNPP,n,2.0NRT,286.2,1.3,N
36.0118,129.37662,297.3,0.37,0.58,2026-05-08,1806,SNPP,SNPP,n,2.0NRT,283.73,1,N
36.00973,129.38455,302.66,0.37,0.58,2026-05-08,1806,SNPP,SNPP,n,2.0NRT,285.35,1.3,N
36.00354,129.38643,304.36,0.37,0.58,2026-05-08,1806,SNPP,SNPP,n,2.0NRT,285.01,1.33,N
36.0025,129.39041,311.16,0.37,0.58,2026-05-08,1806,SNPP,SNPP,n,2.0NRT,286.02,1.33,N
36.00145,129.39442,308.02,0.37,0.58,2026-05-08,1806,SNPP,SNPP,n,2.0NRT,286.23,1.2,N
35.99631,129.39227,306.51,0.37,0.58,2026-05-08,1806,SNPP,SNPP,n,2.0NRT,283.4,1.2,N
35.4466,129.3392,298.51,0.38,0.59,2026-05-08,1809,SNPP,SNPP,n,2.0NRT,287.33,1.46,N
35.4874,129.35941,298.21,0.38,0.59,2026-05-08,1809,SNPP,SNPP,n,2.0NRT,286.59,0.54,N
35.97243,126.60893,296.8,0.53,0.5,2026-05-08,1809,SNPP,SNPP,n,2.0NRT,284.71,1.22,N
35.36684,128.48543,319.08,0.34,0.56,2026-05-08,1809,SNPP,SNPP,n,2.0NRT,283.38,1.42,N
35.08856,128.96211,295.1,0.37,0.58,2026-05-08,1809,SNPP,SNPP,n,2.0NRT,282.65,0.14,N
35.10075,128.82797,303.11,0.36,0.58,2026-05-08,1809,SNPP,SNPP,n,2.0NRT,281.63,0.45,N
34.84172,127.70597,297.94,0.32,0.55,2026-05-08,1809,SNPP,SNPP,n,2.0NRT,286.91,0.54,N
35.49872,129.35353,326.15,0.35,0.57,2026-05-09,0347,SNPP,SNPP,l,2.0NRT,300.66,1.36,D
36.00303,129.39264,330.36,0.34,0.56,2026-05-09,0347,SNPP,SNPP,l,2.0NRT,302.82,3.64,D
36.33955,128.2802,339.02,0.38,0.59,2026-05-09,0347,SNPP,SNPP,n,2.0NRT,296.11,1.93,D
36.15882,126.9907,354.28,0.45,0.63,2026-05-09,0347,SNPP,SNPP,n,2.0NRT,296.91,7.06,D
36.16577,126.99334,342.88,0.45,0.63,2026-05-09,0347,SNPP,SNPP,n,2.0NRT,296.49,5.6,D
36.1656,126.99557,335.04,0.45,0.63,2026-05-09,0347,SNPP,SNPP,n,2.0NRT,296.56,4.97,D
36.16426,126.99077,344.5,0.45,0.63,2026-05-09,0347,SNPP,SNPP,n,2.0NRT,297.2,7.69,D
37.48683,129.05542,327.45,0.33,0.55,2026-05-09,0349,SNPP,SNPP,l,2.0NRT,300.04,2.67,D
36.98262,126.71158,336.59,0.45,0.63,2026-05-09,0349,SNPP,SNPP,n,2.0NRT,303.45,6.48,D
36.98279,126.68964,328.78,0.45,0.63,2026-05-09,0349,SNPP,SNPP,l,2.0NRT,302.17,3.87,D
36.98218,126.7104,329.02,0.45,0.63,2026-05-09,0349,SNPP,SNPP,l,2.0NRT,303.16,6.57,D
36.98336,126.71524,329.21,0.41,0.6,2026-05-09,0527,SNPP,SNPP,l,2.0NRT,300.11,2.43,D
36.98312,126.71058,333.39,0.41,0.6,2026-05-09,0527,SNPP,SNPP,n,2.0NRT,304.09,2.43,D
37.23007,128.32512,311.35,0.53,0.42,2026-05-09,1747,SNPP,SNPP,n,2.0NRT,282.57,2.01,N
37.2036,128.29788,299.73,0.53,0.42,2026-05-09,1747,SNPP,SNPP,n,2.0NRT,279.76,1.42,N
37.4857,126.63907,302.08,0.45,0.39,2026-05-09,1747,SNPP,SNPP,n,2.0NRT,273.61,0.44,N
37.02661,128.32104,314.23,0.53,0.42,2026-05-09,1747,SNPP,SNPP,n,2.0NRT,283.61,2.45,N
37.01046,128.3409,305.28,0.53,0.42,2026-05-09,1747,SNPP,SNPP,n,2.0NRT,281.48,1.56,N
36.98488,126.71013,303.73,0.46,0.39,2026-05-09,1747,SNPP,SNPP,n,2.0NRT,278.11,1.1,N
36.98135,126.70909,318.39,0.46,0.39,2026-05-09,1747,SNPP,SNPP,n,2.0NRT,277.56,2.08,N
36.98168,126.68787,295.29,0.46,0.39,2026-05-09,1747,SNPP,SNPP,n,2.0NRT,273.4,1.4,N
36.02861,129.39613,307.25,0.42,0.45,2026-05-09,1747,SNPP,SNPP,n,2.0NRT,289.7,1.72,N
36.01839,129.38307,301.82,0.42,0.45,2026-05-09,1747,SNPP,SNPP,n,2.0NRT,287.24,1.99,N
36.00932,129.38486,302.34,0.42,0.45,2026-05-09,1747,SNPP,SNPP,n,2.0NRT,286.89,2.41,N
36.00722,129.37453,300.87,0.42,0.45,2026-05-09,1747,SNPP,SNPP,n,2.0NRT,284.58,0.95,N
36.00624,129.37901,297.3,0.42,0.45,2026-05-09,1747,SNPP,SNPP,n,2.0NRT,285.74,0.95,N
36.0033,129.39253,310.47,0.42,0.45,2026-05-09,1747,SNPP,SNPP,n,2.0NRT,288.69,1.67,N
35.99934,129.41071,296.83,0.42,0.45,2026-05-09,1747,SNPP,SNPP,n,2.0NRT,286.21,0.63,N
35.99826,129.39574,304.04,0.42,0.45,2026-05-09,1747,SNPP,SNPP,n,2.0NRT,287.38,1.75,N
35.49999,129.35201,297.03,0.42,0.46,2026-05-09,1747,SNPP,SNPP,n,2.0NRT,286.96,1.09,N
35.44575,129.33923,298.34,0.42,0.46,2026-05-09,1747,SNPP,SNPP,n,2.0NRT,288.2,1.72,N
35.97134,126.60917,297.28,0.47,0.4,2026-05-09,1747,SNPP,SNPP,n,2.0NRT,285.59,0.61,N
35.97034,126.61427,295.45,0.47,0.4,2026-05-09,1747,SNPP,SNPP,n,2.0NRT,284.6,0.61,N
35.97124,126.60746,295.66,0.47,0.4,2026-05-09,1747,SNPP,SNPP,n,2.0NRT,284.58,0.76,N
35.97026,126.61257,297.77,0.47,0.4,2026-05-09,1747,SNPP,SNPP,n,2.0NRT,286.07,1.24,N
35.37085,128.48779,310.94,0.39,0.44,2026-05-09,1747,SNPP,SNPP,n,2.0NRT,284.23,0.97,N
35.36692,128.48656,300.93,0.39,0.44,2026-05-09,1747,SNPP,SNPP,n,2.0NRT,285.27,0.97,N
35.36931,128.48811,318.09,0.39,0.44,2026-05-09,1747,SNPP,SNPP,n,2.0NRT,286.24,1.91,N
37.48571,129.05739,302.78,0.56,0.43,2026-05-09,1747,SNPP,SNPP,n,2.0NRT,285.27,0.75,N
37.48322,129.04961,299.51,0.56,0.43,2026-05-09,1747,SNPP,SNPP,n,2.0NRT,285.62,1.26,N
37.42632,129.17918,298.6,0.57,0.43,2026-05-09,1747,SNPP,SNPP,n,2.0NRT,285.08,0.79,N
37.42384,129.17131,303.11,0.57,0.43,2026-05-09,1747,SNPP,SNPP,n,2.0NRT,285.49,1.47,N
37.42196,129.17014,301.98,0.57,0.43,2026-05-09,1747,SNPP,SNPP,n,2.0NRT,285.21,1.07,N
35.86185,128.37019,325.91,0.69,0.74,2026-05-10,0328,SNPP,SNPP,n,2.0NRT,293.13,4.9,D
36.00391,129.39357,337.06,0.61,0.53,2026-05-10,0508,SNPP,SNPP,l,2.0NRT,309.45,7.9,D
36.14183,126.84657,334.8,0.44,0.46,2026-05-10,0508,SNPP,SNPP,n,2.0NRT,295.89,5.94,D
36.14136,126.84153,343.75,0.44,0.46,2026-05-10,0508,SNPP,SNPP,n,2.0NRT,300.53,5.94,D
36.98465,126.71124,340.69,0.44,0.46,2026-05-10,0508,SNPP,SNPP,l,2.0NRT,310.8,6.97,D
37.49151,126.64162,318.53,0.39,0.36,2026-05-10,1728,SNPP,SNPP,n,2.0NRT,288.46,1.89,N
37.22916,128.32253,319.76,0.39,0.36,2026-05-10,1728,SNPP,SNPP,n,2.0NRT,286.31,2.12,N
37.48885,126.63647,301.82,0.39,0.36,2026-05-10,1728,SNPP,SNPP,n,2.0NRT,286.48,1.28,N
37.48819,126.64086,302.01,0.39,0.36,2026-05-10,1728,SNPP,SNPP,n,2.0NRT,286.91,0.86,N
37.20496,128.30286,308.2,0.39,0.36,2026-05-10,1728,SNPP,SNPP,n,2.0NRT,284.52,0.61,N
37.18498,128.32019,304.34,0.39,0.36,2026-05-10,1728,SNPP,SNPP,n,2.0NRT,283.89,1,N
37.02573,128.3187,324.95,0.39,0.36,2026-05-10,1730,SNPP,SNPP,n,2.0NRT,287.53,2.24,N
37.02502,128.32297,296.02,0.39,0.36,2026-05-10,1730,SNPP,SNPP,n,2.0NRT,284.21,0.73,N
37.01162,128.34196,315.65,0.39,0.36,2026-05-10,1730,SNPP,SNPP,n,2.0NRT,286.07,1.58,N
36.98751,126.69863,311.46,0.39,0.36,2026-05-10,1730,SNPP,SNPP,n,2.0NRT,288.98,1.96,N
36.98686,126.70297,304.95,0.39,0.36,2026-05-10,1730,SNPP,SNPP,n,2.0NRT,287.81,1.02,N
36.9855,126.68919,306.23,0.39,0.36,2026-05-10,1730,SNPP,SNPP,n,2.0NRT,289.09,2.82,N
36.98225,126.71088,317.51,0.39,0.36,2026-05-10,1730,SNPP,SNPP,n,2.0NRT,288.7,1.08,N
36.98218,126.68841,338.9,0.39,0.36,2026-05-10,1730,SNPP,SNPP,n,2.0NRT,292.51,2.82,N
36.98153,126.69276,298.16,0.39,0.36,2026-05-10,1730,SNPP,SNPP,n,2.0NRT,287.49,1.53,N
36.97958,126.70576,305.7,0.39,0.36,2026-05-10,1730,SNPP,SNPP,n,2.0NRT,288.01,1.83,N
36.97894,126.71011,301.3,0.39,0.36,2026-05-10,1730,SNPP,SNPP,n,2.0NRT,284.8,1.08,N
36.97887,126.68763,296.87,0.39,0.36,2026-05-10,1730,SNPP,SNPP,n,2.0NRT,286.2,0.8,N
36.01604,129.37965,305.97,0.41,0.37,2026-05-10,1730,SNPP,SNPP,n,2.0NRT,286.37,1.08,N
36.00776,129.38675,305.23,0.41,0.37,2026-05-10,1730,SNPP,SNPP,n,2.0NRT,286.96,1.49,N
36.00675,129.37254,304.66,0.41,0.37,2026-05-10,1730,SNPP,SNPP,n,2.0NRT,282.14,1.61,N
36.00439,129.38586,313.69,0.41,0.37,2026-05-10,1730,SNPP,SNPP,n,2.0NRT,289.4,1.49,N
36.00361,129.3903,312.79,0.41,0.37,2026-05-10,1730,SNPP,SNPP,n,2.0NRT,287.88,1.79,N
36.00125,129.40364,304.05,0.41,0.37,2026-05-10,1730,SNPP,SNPP,n,2.0NRT,286.99,0.95,N
36.00261,129.37608,316.68,0.41,0.37,2026-05-10,1730,SNPP,SNPP,n,2.0NRT,284.44,1.26,N
35.99868,129.3983,301.64,0.41,0.37,2026-05-10,1730,SNPP,SNPP,n,2.0NRT,287.11,0.84,N
35.99789,129.40276,302.47,0.41,0.37,2026-05-10,1730,SNPP,SNPP,n,2.0NRT,286.09,0.84,N
35.97096,126.60974,297.88,0.39,0.36,2026-05-10,1730,SNPP,SNPP,n,2.0NRT,287.79,0.62,N
35.97031,126.61399,303.82,0.39,0.36,2026-05-10,1730,SNPP,SNPP,n,2.0NRT,287.34,0.62,N
35.49874,129.35477,299.09,0.41,0.37,2026-05-10,1730,SNPP,SNPP,n,2.0NRT,286.12,1.04,N
35.44556,129.33856,298.97,0.41,0.37,2026-05-10,1730,SNPP,SNPP,n,2.0NRT,288.91,1.44,N
35.44321,129.35196,299.91,0.41,0.37,2026-05-10,1730,SNPP,SNPP,n,2.0NRT,289.6,1.09,N
35.37005,128.48912,317.95,0.39,0.36,2026-05-10,1730,SNPP,SNPP,n,2.0NRT,284.89,1.81,N
35.08367,128.99126,317.64,0.4,0.37,2026-05-10,1730,SNPP,SNPP,n,2.0NRT,287.61,0.89,N
35.0803,128.99043,315.27,0.4,0.37,2026-05-10,1730,SNPP,SNPP,n,2.0NRT,287.07,1.39,N
35.09914,128.86299,306.23,0.4,0.37,2026-05-10,1730,SNPP,SNPP,n,2.0NRT,286.14,0.7,N
35.09578,128.86217,301.05,0.4,0.37,2026-05-10,1730,SNPP,SNPP,n,2.0NRT,285.19,0.75,N
35.08256,128.99084,340.92,0.48,0.4,2026-05-11,0451,SNPP,SNPP,n,2.0NRT,305.46,4.51,D
37.4843,129.05319,300.63,0.44,0.39,2026-05-11,1709,SNPP,SNPP,n,2.0NRT,273.99,1,N
37.48365,129.05823,303.68,0.44,0.39,2026-05-11,1709,SNPP,SNPP,n,2.0NRT,278.26,1,N
35.49911,129.35222,296.81,0.42,0.38,2026-05-11,1709,SNPP,SNPP,n,2.0NRT,274.63,0.51,N
36.98162,126.71225,328.5,0.41,0.37,2026-05-12,0432,SNPP,SNPP,l,2.0NRT,291.33,5.76,D
36.98186,126.69324,331.97,0.41,0.37,2026-05-12,0432,SNPP,SNPP,l,2.0NRT,288.2,4.36,D
37.48674,129.05609,328.98,0.38,0.36,2026-05-12,0432,SNPP,SNPP,n,2.0NRT,294.65,4.38,D
37.59828,129.01042,305.84,0.5,0.49,2026-05-12,1652,SNPP,SNPP,n,2.0NRT,288.99,1.17,N
37.59781,129.01602,298.71,0.5,0.49,2026-05-12,1652,SNPP,SNPP,n,2.0NRT,288.57,1.17,N
37.48381,129.05711,326.47,0.49,0.49,2026-05-12,1652,SNPP,SNPP,n,2.0NRT,288.68,2.22,N
37.48428,129.05164,302.05,0.49,0.49,2026-05-12,1652,SNPP,SNPP,n,2.0NRT,288.07,3.53,N
37.49297,126.63941,306.36,0.33,0.56,2026-05-12,1652,SNPP,SNPP,n,2.0NRT,287.44,0.86,N
37.48779,126.63889,299.08,0.33,0.56,2026-05-12,1652,SNPP,SNPP,n,2.0NRT,285.96,0.38,N
37.01342,128.34422,301.74,0.53,0.5,2026-05-12,1652,SNPP,SNPP,n,2.0NRT,284.89,0.92,N
36.99001,126.69917,296.83,0.33,0.55,2026-05-12,1652,SNPP,SNPP,n,2.0NRT,285.83,1.45,N
36.98537,126.6911,320.21,0.33,0.55,2026-05-12,1652,SNPP,SNPP,n,2.0NRT,286.14,1.57,N
36.98561,126.68733,314.73,0.33,0.55,2026-05-12,1652,SNPP,SNPP,n,2.0NRT,286.94,1.57,N
36.98438,126.7062,301.37,0.33,0.55,2026-05-12,1652,SNPP,SNPP,n,2.0NRT,288.87,1.47,N
36.98413,126.70999,300.41,0.33,0.55,2026-05-12,1652,SNPP,SNPP,n,2.0NRT,287.39,0.87,N
36.98856,126.68867,301.07,0.33,0.55,2026-05-12,1652,SNPP,SNPP,n,2.0NRT,283.98,1.04,N
36.9883,126.69243,299.22,0.33,0.55,2026-05-12,1652,SNPP,SNPP,n,2.0NRT,284.19,1.04,N
36.98343,126.68813,326.17,0.33,0.55,2026-05-12,1652,SNPP,SNPP,n,2.0NRT,288.15,1.04,N
36.98316,126.69191,306.13,0.33,0.55,2026-05-12,1652,SNPP,SNPP,n,2.0NRT,285.3,1.04,N
36.98207,126.70699,312.24,0.33,0.55,2026-05-12,1652,SNPP,SNPP,n,2.0NRT,289.97,2.35,N
36.98181,126.71076,299.51,0.33,0.55,2026-05-12,1652,SNPP,SNPP,n,2.0NRT,286.71,0.82,N
36.02761,129.39565,309.23,0.46,0.47,2026-05-12,1652,SNPP,SNPP,n,2.0NRT,288.28,2.83,N
36.01048,129.38705,296.68,0.46,0.47,2026-05-12,1652,SNPP,SNPP,n,2.0NRT,286.08,1.09,N
36.00713,129.37616,303.31,0.46,0.47,2026-05-12,1652,SNPP,SNPP,n,2.0NRT,285.54,1.27,N
36.00613,129.38647,299.63,0.46,0.47,2026-05-12,1652,SNPP,SNPP,n,2.0NRT,287.87,1.09,N
36.00564,129.39157,303.27,0.46,0.47,2026-05-12,1652,SNPP,SNPP,n,2.0NRT,287.33,1.41,N
36.00277,129.37556,308.25,0.46,0.47,2026-05-12,1652,SNPP,SNPP,n,2.0NRT,285.96,1.1,N
36.00128,129.39096,310.39,0.46,0.47,2026-05-12,1652,SNPP,SNPP,n,2.0NRT,286.74,1.49,N
36.00079,129.39607,306.3,0.46,0.47,2026-05-12,1652,SNPP,SNPP,n,2.0NRT,287.74,1.49,N
35.50041,129.35237,299.08,0.45,0.47,2026-05-12,1652,SNPP,SNPP,n,2.0NRT,287.27,0.68,N
35.44788,129.33784,298.33,0.45,0.47,2026-05-12,1652,SNPP,SNPP,n,2.0NRT,287.27,2.14,N
35.10222,128.87448,300.5,0.47,0.48,2026-05-12,1652,SNPP,SNPP,n,2.0NRT,284.4,0.51,N
35.09879,128.86339,305.97,0.48,0.48,2026-05-12,1652,SNPP,SNPP,n,2.0NRT,284.79,0.94,N
35.08234,128.98849,328.24,0.47,0.48,2026-05-12,1652,SNPP,SNPP,n,2.0NRT,286.47,3.84,N
37.01112,128.33789,300.61,0.65,0.73,2026-05-12,1832,SNPP,SNPP,n,2.0NRT,280.11,1.99,N
37.01497,128.34129,295.53,0.65,0.73,2026-05-12,1832,SNPP,SNPP,n,2.0NRT,278.72,0.63,N
36.98728,126.68655,295.68,0.54,0.68,2026-05-12,1832,SNPP,SNPP,n,2.0NRT,285.1,1.29,N
36.98554,126.69244,310.88,0.54,0.68,2026-05-12,1832,SNPP,SNPP,n,2.0NRT,286.29,2.44,N
36.98034,126.70999,298.79,0.54,0.68,2026-05-12,1832,SNPP,SNPP,n,2.0NRT,285.15,1.74,N
36.98133,126.68379,297.29,0.54,0.68,2026-05-12,1832,SNPP,SNPP,n,2.0NRT,284.71,1.05,N
37.00721,126.39392,296.12,0.52,0.67,2026-05-12,1832,SNPP,SNPP,n,2.0NRT,285.93,1.81,N
36.00377,129.38794,297.33,0.78,0.78,2026-05-12,1832,SNPP,SNPP,n,2.0NRT,283.81,2.21,N
36.00101,129.39072,296.81,0.78,0.78,2026-05-12,1832,SNPP,SNPP,n,2.0NRT,284.05,3.19,N
35.14216,128.87912,337.37,0.53,0.42,2026-05-13,0412,SNPP,SNPP,n,2.0NRT,302.37,5.4,D
35.14595,128.87796,340.81,0.53,0.42,2026-05-13,0412,SNPP,SNPP,n,2.0NRT,302.75,5.4,D
35.14713,128.8756,328.68,0.53,0.42,2026-05-13,0412,SNPP,SNPP,l,2.0NRT,301.64,6.42,D
35.14109,126.79063,337.13,0.45,0.47,2026-05-13,0412,SNPP,SNPP,n,2.0NRT,303.01,1.94,D
36.00778,129.37859,334.96,0.49,0.4,2026-05-13,0412,SNPP,SNPP,l,2.0NRT,308.65,3.09,D
35.93041,128.93839,335.03,0.51,0.41,2026-05-13,0412,SNPP,SNPP,l,2.0NRT,309.39,6.33,D
35.93021,128.94221,335.63,0.51,0.41,2026-05-13,0412,SNPP,SNPP,l,2.0NRT,308.94,5.87,D
36.10342,127.07537,328.7,0.42,0.45,2026-05-13,0412,SNPP,SNPP,n,2.0NRT,299.65,1.07,D
36.50099,127.36752,332.86,0.4,0.44,2026-05-13,0412,SNPP,SNPP,n,2.0NRT,299.41,2.07,D
37.0843,127.94456,336.4,0.54,0.42,2026-05-13,0412,SNPP,SNPP,l,2.0NRT,308.49,2.68,D
36.98242,126.71296,336.75,0.42,0.45,2026-05-13,0412,SNPP,SNPP,n,2.0NRT,304.05,5.04,D
36.9845,126.70238,342.79,0.42,0.45,2026-05-13,0412,SNPP,SNPP,n,2.0NRT,304.09,6.93,D
36.98153,126.68858,331.96,0.42,0.45,2026-05-13,0412,SNPP,SNPP,n,2.0NRT,301.44,3.5,D
36.98658,126.6918,348.27,0.42,0.45,2026-05-13,0412,SNPP,SNPP,n,2.0NRT,303.18,4.94,D
37.48577,129.05409,334.89,0.48,0.4,2026-05-13,0412,SNPP,SNPP,l,2.0NRT,305.89,8.8,D
37.41413,126.88597,329.86,0.4,0.44,2026-05-13,0412,SNPP,SNPP,n,2.0NRT,298.06,2.67,D
37.41813,126.8847,342.18,0.4,0.44,2026-05-13,0412,SNPP,SNPP,n,2.0NRT,299.46,3.87,D
37.59908,129.01218,297.38,0.45,0.63,2026-05-13,1633,SNPP,SNPP,n,2.0NRT,282.44,0.99,N
37.48659,129.05617,317,0.45,0.63,2026-05-13,1633,SNPP,SNPP,n,2.0NRT,286.55,1.68,N
37.48117,129.04593,301.37,0.45,0.63,2026-05-13,1633,SNPP,SNPP,n,2.0NRT,285.54,1.02,N
37.42237,129.17108,300.75,0.44,0.63,2026-05-13,1633,SNPP,SNPP,n,2.0NRT,284.65,0.64,N
37.49036,126.63905,300.53,0.61,0.71,2026-05-13,1633,SNPP,SNPP,n,2.0NRT,283.81,0.99,N
37.42314,129.1722,302.32,0.44,0.63,2026-05-13,1633,SNPP,SNPP,n,2.0NRT,284.52,0.88,N
36.98111,126.68659,303.56,0.6,0.71,2026-05-13,1633,SNPP,SNPP,n,2.0NRT,279.76,2.36,N
36.02972,129.39392,308.95,0.42,0.61,2026-05-13,1633,SNPP,SNPP,n,2.0NRT,289.56,1.86,N
36.00708,129.37225,301.82,0.42,0.61,2026-05-13,1633,SNPP,SNPP,n,2.0NRT,286.58,1.93,N
35.09914,128.86191,313.66,0.44,0.62,2026-05-13,1635,SNPP,SNPP,n,2.0NRT,286.09,1.02,N
35.08614,128.99002,298.98,0.43,0.62,2026-05-13,1635,SNPP,SNPP,n,2.0NRT,286.58,0.42,N
35.08036,128.98935,303.18,0.43,0.62,2026-05-13,1635,SNPP,SNPP,n,2.0NRT,286.36,0.72,N
37.49137,126.63776,305.83,0.59,0.53,2026-05-13,1813,SNPP,SNPP,n,2.0NRT,285.98,1.51,N
37.02801,128.31685,299.23,0.37,0.58,2026-05-13,1813,SNPP,SNPP,n,2.0NRT,285.12,0.88,N
37.02695,128.32083,299.55,0.37,0.58,2026-05-13,1813,SNPP,SNPP,n,2.0NRT,285.44,0.93,N
37.01225,128.33296,296.23,0.37,0.58,2026-05-13,1813,SNPP,SNPP,n,2.0NRT,284.63,1.46,N
37.01011,128.34097,305.7,0.37,0.58,2026-05-13,1813,SNPP,SNPP,n,2.0NRT,284.99,1.25,N
35.97335,126.60789,304.09,0.32,0.55,2026-05-13,1813,SNPP,SNPP,n,2.0NRT,286,1.61,N
35.37073,128.48677,296.69,0.42,0.61,2026-05-13,1813,SNPP,SNPP,n,2.0NRT,285.37,0.35,N
35.36722,128.48587,296.92,0.42,0.61,2026-05-13,1813,SNPP,SNPP,n,2.0NRT,285.82,0.71,N
35.0834,128.98894,303.38,0.45,0.63,2026-05-13,1813,SNPP,SNPP,n,2.0NRT,286.51,0.57,N
35.10077,128.85776,296.11,0.44,0.63,2026-05-13,1813,SNPP,SNPP,n,2.0NRT,285.48,0.8,N
35.09945,128.86259,300.19,0.44,0.63,2026-05-13,1813,SNPP,SNPP,n,2.0NRT,285.5,0.8,N
35.89278,128.38596,327.39,0.32,0.55,2026-05-14,0353,SNPP,SNPP,l,2.0NRT,298.5,2.83,D
36.15984,126.99197,341.29,0.37,0.58,2026-05-14,0353,SNPP,SNPP,n,2.0NRT,299.46,8.28,D
36.16608,126.99403,339.66,0.37,0.58,2026-05-14,0353,SNPP,SNPP,n,2.0NRT,298.49,7.57,D
36.47322,128.16615,329.8,0.64,0.54,2026-05-14,0353,SNPP,SNPP,n,2.0NRT,297.97,3.23,D
36.72164,126.8211,341.98,0.37,0.58,2026-05-14,0353,SNPP,SNPP,n,2.0NRT,300.4,5.35,D
36.72681,126.81908,356.85,0.37,0.58,2026-05-14,0353,SNPP,SNPP,l,2.0NRT,296.29,6.13,D
37.48645,129.0533,301.87,0.45,0.47,2026-05-14,1754,SNPP,SNPP,n,2.0NRT,287.34,1.74,N
37.48345,129.04654,299.88,0.45,0.47,2026-05-14,1754,SNPP,SNPP,n,2.0NRT,287.9,0.67,N
37.42649,129.17833,300.89,0.46,0.47,2026-05-14,1754,SNPP,SNPP,n,2.0NRT,287.18,1.04,N
37.4235,129.17143,306.03,0.46,0.47,2026-05-14,1754,SNPP,SNPP,n,2.0NRT,286.93,1.1,N
37.22888,128.32097,317.06,0.42,0.45,2026-05-14,1754,SNPP,SNPP,n,2.0NRT,287.99,2.06,N
37.23117,128.32503,298.46,0.42,0.45,2026-05-14,1754,SNPP,SNPP,n,2.0NRT,285.82,0.57,N
37.22712,128.32361,299.36,0.42,0.45,2026-05-14,1754,SNPP,SNPP,n,2.0NRT,283.92,0.57,N
37.20581,128.30128,306.18,0.42,0.45,2026-05-14,1754,SNPP,SNPP,n,2.0NRT,286.59,1.09,N
37.18458,128.31857,295.1,0.42,0.45,2026-05-14,1754,SNPP,SNPP,n,2.0NRT,284.59,0.7,N
37.48824,126.63721,302.19,0.52,0.41,2026-05-14,1754,SNPP,SNPP,n,2.0NRT,289.85,1.3,N
37.02579,128.3174,320.93,0.42,0.45,2026-05-14,1754,SNPP,SNPP,n,2.0NRT,289.07,1.51,N
37.02477,128.32199,298.12,0.42,0.45,2026-05-14,1754,SNPP,SNPP,n,2.0NRT,286.92,1.51,N
37.01146,128.34235,311.73,0.42,0.45,2026-05-14,1754,SNPP,SNPP,n,2.0NRT,287.32,1.05,N
36.98828,126.70021,304.87,0.53,0.42,2026-05-14,1754,SNPP,SNPP,n,2.0NRT,289.67,2.05,N
36.98313,126.68607,306.62,0.53,0.42,2026-05-14,1754,SNPP,SNPP,n,2.0NRT,289.58,1.79,N
36.98193,126.69191,303.46,0.53,0.42,2026-05-14,1754,SNPP,SNPP,n,2.0NRT,290.63,1.74,N
35.97153,126.6086,308.43,0.55,0.42,2026-05-14,1754,SNPP,SNPP,n,2.0NRT,289.9,2.12,N
35.36962,128.48708,298.27,0.47,0.47,2026-05-14,1754,SNPP,SNPP,n,2.0NRT,287.42,0.66,N
35.09698,128.85956,298.97,0.49,0.49,2026-05-14,1754,SNPP,SNPP,n,2.0NRT,287.63,0.51,N
35.09863,128.83154,297.9,0.49,0.49,2026-05-14,1754,SNPP,SNPP,n,2.0NRT,285.9,0.79,N
35.85921,128.36987,328.6,0.57,0.69,2026-05-15,0334,SNPP,SNPP,l,2.0NRT,298.66,5.58,D
35.86069,128.36688,328.86,0.57,0.69,2026-05-15,0334,SNPP,SNPP,n,2.0NRT,298.15,6.1,D
35.86862,128.37039,325.89,0.57,0.69,2026-05-15,0334,SNPP,SNPP,l,2.0NRT,298.27,3.64,D
35.93258,128.25931,325.29,0.58,0.69,2026-05-15,0334,SNPP,SNPP,l,2.0NRT,298.67,2.89,D
37.15132,129.03923,333.4,0.49,0.65,2026-05-15,0334,SNPP,SNPP,n,2.0NRT,297.27,5.05,D
37.14965,129.03336,357.05,0.49,0.65,2026-05-15,0334,SNPP,SNPP,l,2.0NRT,298.37,5.05,D
36.00224,129.39236,337.46,0.37,0.58,2026-05-15,0514,SNPP,SNPP,l,2.0NRT,308.89,4.55,D
36.02969,129.3954,313.59,0.45,0.39,2026-05-15,1737,SNPP,SNPP,n,2.0NRT,292.38,1.76,N
36.02617,129.39439,306.59,0.45,0.39,2026-05-15,1737,SNPP,SNPP,n,2.0NRT,291.6,1.76,N
36.02007,129.38741,316.51,0.45,0.39,2026-05-15,1737,SNPP,SNPP,n,2.0NRT,292.05,2.22,N
36.01748,129.38147,313.88,0.45,0.39,2026-05-15,1737,SNPP,SNPP,n,2.0NRT,290.68,2.16,N
36.00949,129.38437,303.62,0.45,0.39,2026-05-15,1737,SNPP,SNPP,n,2.0NRT,289.61,1.12,N
36.00597,129.38336,300.83,0.45,0.39,2026-05-15,1737,SNPP,SNPP,n,2.0NRT,290.62,1.12,N
36.00503,129.38828,319.66,0.45,0.39,2026-05-15,1737,SNPP,SNPP,n,2.0NRT,290.35,1.12,N
36.00151,129.38724,306.71,0.45,0.39,2026-05-15,1737,SNPP,SNPP,n,2.0NRT,289.25,1.97,N
36.00056,129.3922,306.8,0.45,0.39,2026-05-15,1737,SNPP,SNPP,n,2.0NRT,289.71,1.02,N
35.99962,129.39716,304.29,0.45,0.39,2026-05-15,1737,SNPP,SNPP,n,2.0NRT,290.16,1.02,N
35.99704,129.39117,301.93,0.45,0.39,2026-05-15,1737,SNPP,SNPP,n,2.0NRT,289.29,1.02,N
35.50012,129.35426,298.97,0.46,0.39,2026-05-15,1737,SNPP,SNPP,n,2.0NRT,287.83,1.31,N
35.97165,126.6085,302.31,0.39,0.36,2026-05-15,1737,SNPP,SNPP,n,2.0NRT,290.4,1,N
35.44759,129.35516,315.13,0.46,0.39,2026-05-15,1737,SNPP,SNPP,n,2.0NRT,291.53,1.83,N
35.13008,128.85582,303.95,0.44,0.39,2026-05-15,1737,SNPP,SNPP,n,2.0NRT,284.49,0.65,N
35.09935,128.86253,301.04,0.44,0.39,2026-05-15,1737,SNPP,SNPP,n,2.0NRT,285.72,0.71,N
35.09584,128.86163,298.15,0.44,0.39,2026-05-15,1737,SNPP,SNPP,n,2.0NRT,284.43,0.71,N
35.09921,128.83031,300.7,0.44,0.39,2026-05-15,1737,SNPP,SNPP,n,2.0NRT,284.74,0.45,N
35.05446,126.79678,295.3,0.39,0.36,2026-05-15,1737,SNPP,SNPP,n,2.0NRT,284.94,0.25,N
37.59579,129.01253,319.51,0.42,0.38,2026-05-15,1737,SNPP,SNPP,n,2.0NRT,295.42,1.94,N
37.48577,129.05307,303.29,0.42,0.38,2026-05-15,1737,SNPP,SNPP,n,2.0NRT,290.86,1.12,N
37.48489,129.05779,315.67,0.42,0.38,2026-05-15,1737,SNPP,SNPP,n,2.0NRT,292.19,0.72,N
37.48323,129.04726,311.99,0.42,0.38,2026-05-15,1737,SNPP,SNPP,n,2.0NRT,294.08,1.27,N
37.4255,129.17906,307.87,0.43,0.38,2026-05-15,1737,SNPP,SNPP,n,2.0NRT,290.46,1.05,N
37.42296,129.17317,307.71,0.43,0.38,2026-05-15,1737,SNPP,SNPP,n,2.0NRT,290.49,0.71,N
37.22971,128.32344,314.3,0.41,0.37,2026-05-15,1737,SNPP,SNPP,n,2.0NRT,289.2,1.56,N
37.49103,126.64119,307.52,0.38,0.36,2026-05-15,1737,SNPP,SNPP,n,2.0NRT,291.3,1.07,N
37.2052,128.30234,311.65,0.41,0.37,2026-05-15,1737,SNPP,SNPP,n,2.0NRT,288.66,1.08,N
37.18433,128.3203,297.17,0.41,0.37,2026-05-15,1737,SNPP,SNPP,n,2.0NRT,285.98,0.61,N
37.02566,128.31992,325.11,0.41,0.37,2026-05-15,1737,SNPP,SNPP,n,2.0NRT,290.61,2.93,N
37.01231,128.33533,297.88,0.41,0.37,2026-05-15,1737,SNPP,SNPP,n,2.0NRT,287.37,0.85,N
37.0115,128.33987,314.72,0.41,0.37,2026-05-15,1737,SNPP,SNPP,n,2.0NRT,288.88,0.85,N
36.98351,126.70972,330.78,0.39,0.36,2026-05-15,1737,SNPP,SNPP,n,2.0NRT,294.27,2.38,N
36.98633,126.69252,300.16,0.39,0.36,2026-05-15,1737,SNPP,SNPP,n,2.0NRT,290.06,1.24,N
36.98374,126.68739,310.3,0.39,0.36,2026-05-15,1737,SNPP,SNPP,n,2.0NRT,291.94,1.24,N
36.98304,126.69167,317.42,0.39,0.36,2026-05-15,1737,SNPP,SNPP,n,2.0NRT,293.02,1.24,N
36.98162,126.70028,315.91,0.39,0.36,2026-05-15,1737,SNPP,SNPP,n,2.0NRT,291.91,2.22,N
36.98022,126.70889,314.05,0.39,0.36,2026-05-15,1737,SNPP,SNPP,n,2.0NRT,291.41,2.38,N
36.98045,126.68654,301.51,0.39,0.36,2026-05-15,1737,SNPP,SNPP,n,2.0NRT,289.96,0.87,N
36.97974,126.69084,303.92,0.39,0.36,2026-05-15,1737,SNPP,SNPP,n,2.0NRT,290.64,0.87,N
36.00688,129.38713,307.59,0.39,0.36,2026-05-16,1715,SNPP,SNPP,n,2.0NRT,295.68,1.94,N
37.59742,129.01109,314.68,0.4,0.37,2026-05-16,1715,SNPP,SNPP,n,2.0NRT,296.05,1.52,N
37.48644,129.05434,316.12,0.4,0.37,2026-05-16,1715,SNPP,SNPP,n,2.0NRT,293.16,0.84,N
37.4837,129.0491,315.02,0.4,0.37,2026-05-16,1715,SNPP,SNPP,n,2.0NRT,294.89,1.97,N
37.42678,129.17769,305.99,0.4,0.37,2026-05-16,1715,SNPP,SNPP,n,2.0NRT,291.77,0.96,N
37.42406,129.17249,313.06,0.4,0.37,2026-05-16,1715,SNPP,SNPP,n,2.0NRT,293.27,1.09,N
37.48948,126.64291,304.67,0.48,0.4,2026-05-16,1715,SNPP,SNPP,n,2.0NRT,289.02,0.67,N
37.23177,128.32346,297.45,0.42,0.37,2026-05-16,1715,SNPP,SNPP,n,2.0NRT,287.04,0.65,N
37.22833,128.32272,299.6,0.42,0.37,2026-05-16,1715,SNPP,SNPP,n,2.0NRT,286.82,0.65,N
37.22989,128.32088,306.02,0.42,0.37,2026-05-16,1715,SNPP,SNPP,n,2.0NRT,288.62,1.24,N
37.20435,128.30099,309.94,0.42,0.37,2026-05-16,1715,SNPP,SNPP,n,2.0NRT,289.04,1.3,N
37.18741,128.3215,304.47,0.42,0.37,2026-05-16,1715,SNPP,SNPP,n,2.0NRT,288.87,1.13,N
37.0271,128.31883,316.21,0.42,0.37,2026-05-16,1715,SNPP,SNPP,n,2.0NRT,290.35,1.96,N
37.02303,128.32278,299.47,0.42,0.37,2026-05-16,1715,SNPP,SNPP,n,2.0NRT,286.84,0.55,N
37.01087,128.3345,304.06,0.41,0.37,2026-05-16,1715,SNPP,SNPP,n,2.0NRT,289.17,1.24,N
37.01171,128.3365,301.53,0.41,0.37,2026-05-16,1715,SNPP,SNPP,n,2.0NRT,288.79,0.54,N
37.01106,128.34119,299.77,0.41,0.37,2026-05-16,1715,SNPP,SNPP,n,2.0NRT,287.79,0.54,N
36.98675,126.72485,300.28,0.47,0.4,2026-05-16,1715,SNPP,SNPP,n,2.0NRT,289.05,0.73,N
36.98706,126.69247,321.29,0.47,0.4,2026-05-16,1715,SNPP,SNPP,n,2.0NRT,290.39,1.81,N
36.98442,126.71362,324.62,0.47,0.4,2026-05-16,1715,SNPP,SNPP,n,2.0NRT,290.86,2.8,N
36.98407,126.6865,302.48,0.47,0.4,2026-05-16,1715,SNPP,SNPP,n,2.0NRT,289.38,1.46,N
36.98341,126.69177,317.17,0.47,0.4,2026-05-16,1715,SNPP,SNPP,n,2.0NRT,293.46,1.46,N
36.98079,126.71289,313.39,0.47,0.4,2026-05-16,1715,SNPP,SNPP,n,2.0NRT,288.68,2.09,N
36.97977,126.69109,299.64,0.47,0.4,2026-05-16,1715,SNPP,SNPP,n,2.0NRT,289.55,1.46,N
36.0295,129.3967,318.73,0.39,0.36,2026-05-16,1715,SNPP,SNPP,n,2.0NRT,298.4,1.91,N
36.02017,129.39012,311.99,0.39,0.36,2026-05-16,1715,SNPP,SNPP,n,2.0NRT,296.71,2.07,N
36.0088,129.37419,320.87,0.39,0.36,2026-05-16,1715,SNPP,SNPP,n,2.0NRT,292.91,2.19,N
35.99896,129.39424,317.95,0.39,0.36,2026-05-16,1715,SNPP,SNPP,n,2.0NRT,294.98,2.05,N
35.44707,129.35532,312.15,0.39,0.36,2026-05-16,1717,SNPP,SNPP,n,2.0NRT,295.19,1.05,N
35.36893,128.48775,309.55,0.4,0.37,2026-05-16,1717,SNPP,SNPP,n,2.0NRT,293.05,1.21,N
35.20006,127.62283,301.92,0.42,0.38,2026-05-16,1717,SNPP,SNPP,n,2.0NRT,288.36,0.61,N
35.36835,128.4899,305.82,0.4,0.37,2026-05-16,1717,SNPP,SNPP,n,2.0NRT,291.32,1.39,N
35.09912,128.85983,315.21,0.39,0.36,2026-05-16,1717,SNPP,SNPP,n,2.0NRT,289.68,1.37,N
35.97088,126.60639,315.73,0.46,0.39,2026-05-16,1717,SNPP,SNPP,n,2.0NRT,288.78,1.81,N
35.09766,128.86165,317.6,0.39,0.36,2026-05-16,1717,SNPP,SNPP,n,2.0NRT,290.23,1.42,N
35.2035,127.62366,305.1,0.42,0.38,2026-05-16,1717,SNPP,SNPP,n,2.0NRT,289.16,0.61,N
35.50077,129.35294,304.72,0.39,0.36,2026-05-16,1717,SNPP,SNPP,n,2.0NRT,293.78,1.25,N
36.63582,128.1732,331.49,0.39,0.36,2026-05-17,0438,SNPP,SNPP,l,2.0NRT,305.78,2.27,D
36.99103,126.70105,348.16,0.39,0.36,2026-05-17,0438,SNPP,SNPP,n,2.0NRT,311.47,6.22,D
37.59632,129.01289,328,0.4,0.37,2026-05-17,0438,SNPP,SNPP,l,2.0NRT,300.89,3.41,D
37.02657,128.32018,332.12,0.39,0.36,2026-05-17,0438,SNPP,SNPP,n,2.0NRT,297.75,2.18,D
36.98159,126.68748,311.8,0.54,0.51,2026-05-17,1658,SNPP,SNPP,n,2.0NRT,293.47,2.96,N
36.02983,129.3925,305.86,0.57,0.43,2026-05-17,1658,SNPP,SNPP,n,2.0NRT,295.79,1.52,N
36.00965,129.3759,306.47,0.57,0.43,2026-05-17,1658,SNPP,SNPP,n,2.0NRT,293.95,1.54,N
36.00359,129.39423,312.25,0.57,0.43,2026-05-17,1658,SNPP,SNPP,n,2.0NRT,296.19,2.68,N
35.9996,129.39359,321.35,0.57,0.43,2026-05-17,1658,SNPP,SNPP,n,2.0NRT,296.64,4.85,N
35.09943,128.86301,310.44,0.39,0.44,2026-05-17,1658,SNPP,SNPP,n,2.0NRT,288.97,0.57,N
35.08145,128.9911,310.51,0.39,0.44,2026-05-17,1658,SNPP,SNPP,n,2.0NRT,291.25,0.63,N
35.97115,126.60921,311.8,0.53,0.5,2026-05-17,1658,SNPP,SNPP,n,2.0NRT,291.79,2.08,N
37.59546,129.01082,313.87,0.41,0.45,2026-05-17,1658,SNPP,SNPP,n,2.0NRT,291.61,1.8,N
37.59501,129.01547,301.45,0.41,0.45,2026-05-17,1658,SNPP,SNPP,n,2.0NRT,290.48,1.18,N
37.48412,129.0574,330.38,0.41,0.45,2026-05-17,1658,SNPP,SNPP,n,2.0NRT,293.37,1.94,N
37.485,129.04852,303.96,0.41,0.45,2026-05-17,1658,SNPP,SNPP,n,2.0NRT,291.64,2.44,N
37.4809,129.04759,307.82,0.41,0.45,2026-05-17,1658,SNPP,SNPP,n,2.0NRT,290.88,0.79,N
37.4246,129.17258,314.21,0.4,0.44,2026-05-17,1658,SNPP,SNPP,n,2.0NRT,292.68,1.44,N
37.01289,128.33591,305.49,0.44,0.46,2026-05-17,1658,SNPP,SNPP,n,2.0NRT,289.43,0.67,N
37.01241,128.34102,302.18,0.44,0.46,2026-05-17,1658,SNPP,SNPP,n,2.0NRT,288.56,0.67,N
36.98996,126.70094,322.83,0.54,0.5,2026-05-17,1658,SNPP,SNPP,n,2.0NRT,292.31,2.38,N
36.98744,126.73147,299.61,0.53,0.5,2026-05-17,1658,SNPP,SNPP,n,2.0NRT,289.11,1.38,N
36.98628,126.68813,313.28,0.54,0.51,2026-05-17,1658,SNPP,SNPP,n,2.0NRT,293.51,2.96,N
36.98426,126.71262,316.88,0.53,0.5,2026-05-17,1658,SNPP,SNPP,n,2.0NRT,290.98,1.99,N
37.22984,128.31911,297.34,0.77,0.77,2026-05-17,1838,SNPP,SNPP,n,2.0NRT,285.76,1.23,N
37.0293,128.31914,296.79,0.78,0.78,2026-05-17,1838,SNPP,SNPP,n,2.0NRT,286.42,0.96,N
37.01425,128.34064,297.8,0.78,0.78,2026-05-17,1838,SNPP,SNPP,n,2.0NRT,286.9,1.34,N
37.02765,128.31746,298.05,0.78,0.78,2026-05-17,1838,SNPP,SNPP,n,2.0NRT,286.57,1.18,N
37.01266,128.33919,298.85,0.78,0.78,2026-05-17,1838,SNPP,SNPP,n,2.0NRT,286.88,0.76,N
36.98823,126.6939,305.4,0.65,0.73,2026-05-17,1838,SNPP,SNPP,n,2.0NRT,288.88,3.15,N
36.98602,126.70095,306.74,0.65,0.73,2026-05-17,1838,SNPP,SNPP,n,2.0NRT,291.45,2.2,N
36.98382,126.70793,308.49,0.65,0.73,2026-05-17,1838,SNPP,SNPP,n,2.0NRT,291.36,2.2,N
36.9841,126.68372,298.21,0.65,0.73,2026-05-17,1838,SNPP,SNPP,n,2.0NRT,287.11,1.44,N
36.9819,126.69072,301.02,0.65,0.73,2026-05-17,1838,SNPP,SNPP,n,2.0NRT,290.72,1.44,N
36.9869,126.68685,299.77,0.65,0.73,2026-05-17,1838,SNPP,SNPP,n,2.0NRT,289.13,2.9,N
36.98472,126.69395,301.45,0.65,0.73,2026-05-17,1838,SNPP,SNPP,n,2.0NRT,290.88,3.95,N
36.98039,126.70802,305.14,0.65,0.73,2026-05-17,1838,SNPP,SNPP,n,2.0NRT,288.33,1.79,N
35.97057,126.60378,297.45,0.68,0.74,2026-05-17,1838,SNPP,SNPP,n,2.0NRT,287.45,1.17,N
36.50236,127.3686,336.35,0.5,0.41,2026-05-18,0417,SNPP,SNPP,n,2.0NRT,303.58,5.72,D
36.74406,127.26043,335.21,0.5,0.41,2026-05-18,0417,SNPP,SNPP,n,2.0NRT,304.71,7.1,D
37.40242,126.69777,329.66,0.52,0.41,2026-05-18,0419,SNPP,SNPP,l,2.0NRT,304.18,3.68,D
36.98393,126.71206,338.34,0.53,0.42,2026-05-18,0419,SNPP,SNPP,n,2.0NRT,304.74,7.76,D
36.99027,126.70387,330.3,0.53,0.42,2026-05-18,0419,SNPP,SNPP,l,2.0NRT,301.33,4.64,D
36.98909,126.69806,335.6,0.53,0.42,2026-05-18,0419,SNPP,SNPP,n,2.0NRT,299.43,4.64,D
37.38892,126.68975,330.79,0.52,0.41,2026-05-18,0419,SNPP,SNPP,l,2.0NRT,304.96,3.51,D
37.39868,126.69894,333.19,0.52,0.41,2026-05-18,0419,SNPP,SNPP,l,2.0NRT,305.37,3.68,D
37.38886,126.69378,332.01,0.52,0.41,2026-05-18,0419,SNPP,SNPP,l,2.0NRT,306.52,4.75,D
37.39866,126.70293,331.03,0.52,0.41,2026-05-18,0419,SNPP,SNPP,l,2.0NRT,304.48,3.4,D
37.3975,126.69718,330.72,0.52,0.41,2026-05-18,0419,SNPP,SNPP,l,2.0NRT,304.68,3.4,D
37.39516,126.68569,332.62,0.52,0.41,2026-05-18,0419,SNPP,SNPP,l,2.0NRT,306.01,3.23,D
37.40007,126.69028,330.71,0.52,0.41,2026-05-18,0419,SNPP,SNPP,l,2.0NRT,304.82,3.23,D
38.22416,127.00471,337.13,0.49,0.4,2026-05-18,0419,SNPP,SNPP,n,2.0NRT,296.61,9.41,D
38.22885,127.00906,331.96,0.49,0.4,2026-05-18,0419,SNPP,SNPP,l,2.0NRT,303.28,57.25,D
38.22636,127.00719,342.95,0.49,0.4,2026-05-18,0419,SNPP,SNPP,n,2.0NRT,312.31,72.67,D
36.0294,129.39397,314.81,0.34,0.56,2026-05-18,1639,SNPP,SNPP,n,2.0NRT,294.38,1.77,N
36.02469,129.38565,303.23,0.34,0.56,2026-05-18,1639,SNPP,SNPP,n,2.0NRT,292.33,1.93,N
36.02418,129.39339,303.72,0.34,0.56,2026-05-18,1639,SNPP,SNPP,n,2.0NRT,291.13,0.7,N
36.01921,129.38899,306.35,0.34,0.56,2026-05-18,1639,SNPP,SNPP,n,2.0NRT,291.31,0.7,N
36.00902,129.38396,312.64,0.34,0.56,2026-05-18,1639,SNPP,SNPP,n,2.0NRT,294.27,1.56,N
36.00328,129.39122,323.87,0.34,0.56,2026-05-18,1639,SNPP,SNPP,n,2.0NRT,294.62,1.83,N
36.0043,129.37561,314.59,0.34,0.56,2026-05-18,1639,SNPP,SNPP,n,2.0NRT,293.35,1.16,N
36.00354,129.38731,308.44,0.34,0.56,2026-05-18,1639,SNPP,SNPP,n,2.0NRT,294.26,1.83,N
36.00278,129.39891,304.51,0.34,0.56,2026-05-18,1639,SNPP,SNPP,n,2.0NRT,292.47,1.48,N
35.99756,129.39835,309.59,0.34,0.56,2026-05-18,1639,SNPP,SNPP,n,2.0NRT,292.78,1.48,N
36.009,129.38603,306.1,0.34,0.56,2026-05-18,1639,SNPP,SNPP,n,2.0NRT,293.69,1.54,N
36.00351,129.3894,327.57,0.34,0.56,2026-05-18,1639,SNPP,SNPP,n,2.0NRT,295.74,1.25,N
36.00434,129.37773,309.38,0.34,0.56,2026-05-18,1639,SNPP,SNPP,n,2.0NRT,292.68,1.44,N
36.00323,129.39325,306.28,0.34,0.56,2026-05-18,1639,SNPP,SNPP,n,2.0NRT,294.42,1.25,N
36.00268,129.40092,306.54,0.34,0.56,2026-05-18,1639,SNPP,SNPP,n,2.0NRT,293.06,1.46,N
35.99746,129.40034,320.3,0.34,0.56,2026-05-18,1639,SNPP,SNPP,n,2.0NRT,292.4,1.46,N
35.998,129.39273,303.56,0.34,0.56,2026-05-18,1639,SNPP,SNPP,n,2.0NRT,293.07,1.25,N
35.36883,128.48691,313.28,0.38,0.59,2026-05-18,1639,SNPP,SNPP,n,2.0NRT,290.44,1.39,N
35.12961,128.85501,305.84,0.36,0.57,2026-05-18,1639,SNPP,SNPP,n,2.0NRT,288.98,0.36,N
35.10124,128.8289,298.83,0.36,0.57,2026-05-18,1639,SNPP,SNPP,n,2.0NRT,288.8,0.46,N
35.12928,128.85353,295.21,0.54,0.68,2026-05-18,1819,SNPP,SNPP,n,2.0NRT,279.66,0.57,N
35.10197,128.87474,328.69,0.51,0.5,2026-05-19,0400,SNPP,SNPP,l,2.0NRT,300.46,5.53,D
36.00332,129.39085,339.1,0.46,0.47,2026-05-19,0400,SNPP,SNPP,l,2.0NRT,310.38,6.28,D
35.99755,129.40034,337.63,0.46,0.47,2026-05-19,0400,SNPP,SNPP,l,2.0NRT,309.43,3.45,D
36.00492,129.39249,340.18,0.46,0.47,2026-05-19,0400,SNPP,SNPP,n,2.0NRT,311.11,6.02,D
37.18749,128.32219,298.96,0.39,0.36,2026-05-21,1724,SNPP,SNPP,n,2.0NRT,283.31,0.69,N
37.18418,128.32143,295.65,0.39,0.36,2026-05-21,1724,SNPP,SNPP,n,2.0NRT,281.02,0.69,N
37.02594,128.31924,315.06,0.39,0.36,2026-05-21,1724,SNPP,SNPP,n,2.0NRT,284.63,1.16,N
37.02528,128.32359,296.53,0.39,0.36,2026-05-21,1724,SNPP,SNPP,n,2.0NRT,283.61,1.16,N
36.98986,126.69975,306.63,0.42,0.37,2026-05-21,1724,SNPP,SNPP,n,2.0NRT,288.05,0.67,N
36.98643,126.69901,301.36,0.42,0.37,2026-05-21,1724,SNPP,SNPP,n,2.0NRT,289.06,1.1,N
36.9858,126.70367,303.65,0.42,0.37,2026-05-21,1724,SNPP,SNPP,n,2.0NRT,290.29,1.1,N
36.98454,126.71301,313.55,0.42,0.37,2026-05-21,1724,SNPP,SNPP,n,2.0NRT,288.92,2.05,N
36.98111,126.71227,326.5,0.42,0.37,2026-05-21,1724,SNPP,SNPP,n,2.0NRT,288.51,2.05,N
36.98427,126.68896,317.55,0.42,0.37,2026-05-21,1724,SNPP,SNPP,n,2.0NRT,290.61,2.68,N
36.98237,126.70296,316.48,0.42,0.37,2026-05-21,1724,SNPP,SNPP,n,2.0NRT,290.99,1.1,N
36.98083,126.68823,309.98,0.42,0.37,2026-05-21,1724,SNPP,SNPP,n,2.0NRT,290.19,1.68,N
35.99871,127.63039,328.91,0.4,0.37,2026-05-22,0444,SNPP,SNPP,n,2.0NRT,297.95,1.47,D
37.02589,128.32266,333.68,0.42,0.38,2026-05-22,0444,SNPP,SNPP,n,2.0NRT,307.6,3.39,D
36.98031,126.70789,337.76,0.39,0.36,2026-05-22,0444,SNPP,SNPP,n,2.0NRT,298.48,2.91,D
36.98426,126.71149,346.24,0.39,0.36,2026-05-22,0444,SNPP,SNPP,n,2.0NRT,308.92,10.39,D
37.48526,129.0569,331.57,0.45,0.39,2026-05-22,0444,SNPP,SNPP,n,2.0NRT,305.45,5.35,D
37.86205,126.81499,340.81,0.39,0.36,2026-05-22,0444,SNPP,SNPP,n,2.0NRT,309.3,4.71,D
36.9813,126.71035,303.92,0.44,0.46,2026-05-22,1705,SNPP,SNPP,n,2.0NRT,260.98,0.89,N
35.49944,129.35536,296.3,0.47,0.4,2026-05-22,1705,SNPP,SNPP,n,2.0NRT,282.77,0.91,N
35.36948,128.48988,296.97,0.61,0.54,2026-05-23,1645,SNPP,SNPP,n,2.0NRT,278.24,1.79,N
37.59704,129.01285,309.68,0.6,0.53,2026-05-23,1645,SNPP,SNPP,n,2.0NRT,286.34,2.76,N
37.48819,129.05475,304.54,0.6,0.53,2026-05-23,1645,SNPP,SNPP,n,2.0NRT,285.68,2.31,N
37.48373,129.04774,304.93,0.6,0.53,2026-05-23,1645,SNPP,SNPP,n,2.0NRT,286.42,2,N
37.48325,129.05414,312.03,0.6,0.53,2026-05-23,1645,SNPP,SNPP,n,2.0NRT,285.23,2.31,N
37.42514,129.17128,301.32,0.59,0.53,2026-05-23,1645,SNPP,SNPP,n,2.0NRT,285.49,1.37,N
37.42356,129.17203,299.94,0.59,0.53,2026-05-23,1645,SNPP,SNPP,n,2.0NRT,285.34,1.04,N
37.18809,128.31947,297.88,0.33,0.55,2026-05-23,1645,SNPP,SNPP,n,2.0NRT,284.96,0.51,N
37.01266,128.33316,306.24,0.32,0.55,2026-05-23,1645,SNPP,SNPP,n,2.0NRT,287.46,0.76,N
36.98757,126.68583,297.24,0.4,0.6,2026-05-23,1645,SNPP,SNPP,n,2.0NRT,286.88,1.97,N
36.98732,126.69044,305.95,0.4,0.6,2026-05-23,1645,SNPP,SNPP,n,2.0NRT,288.94,2.17,N
36.98631,126.70902,301.24,0.4,0.6,2026-05-23,1645,SNPP,SNPP,n,2.0NRT,288.06,1.34,N
36.98196,126.68531,314.02,0.4,0.6,2026-05-23,1645,SNPP,SNPP,n,2.0NRT,288.49,1.97,N
36.98171,126.68996,317.87,0.4,0.6,2026-05-23,1645,SNPP,SNPP,n,2.0NRT,289.63,2.17,N
36.98121,126.69924,302.23,0.4,0.6,2026-05-23,1645,SNPP,SNPP,n,2.0NRT,288.12,2.4,N
36.00204,129.38727,305.77,0.55,0.51,2026-05-23,1645,SNPP,SNPP,n,2.0NRT,288.34,3.33,N
35.36932,128.4888,301.03,0.61,0.54,2026-05-23,1645,SNPP,SNPP,n,2.0NRT,278.26,1.34,N
35.09822,128.86037,300.8,0.58,0.52,2026-05-23,1645,SNPP,SNPP,n,2.0NRT,281.52,0.99,N
36.97989,126.70959,298.34,0.45,0.63,2026-05-23,1826,SNPP,SNPP,n,2.0NRT,282.7,0.54,N
37.0067,126.39172,296.33,0.43,0.62,2026-05-23,1826,SNPP,SNPP,n,2.0NRT,284.18,1.35,N
37.42264,129.17029,297.11,0.58,0.7,2026-05-23,1826,SNPP,SNPP,n,2.0NRT,283.01,0.66,N
37.42306,129.16928,298.45,0.58,0.7,2026-05-23,1826,SNPP,SNPP,n,2.0NRT,283.35,0.53,N
36.97979,126.68758,299.84,0.45,0.63,2026-05-23,1826,SNPP,SNPP,n,2.0NRT,285.7,0.82,N
36.98547,126.71198,296.88,0.45,0.63,2026-05-23,1826,SNPP,SNPP,n,2.0NRT,283.88,0.54,N
36.98744,126.72485,295.21,0.45,0.63,2026-05-23,1826,SNPP,SNPP,n,2.0NRT,281.68,0.27,N
37.02474,128.31865,297.02,0.54,0.68,2026-05-23,1826,SNPP,SNPP,n,2.0NRT,284.79,0.87,N
37.23186,128.32013,298.86,0.53,0.67,2026-05-23,1826,SNPP,SNPP,n,2.0NRT,282.74,1.22,N
37.22963,128.31856,296.72,0.53,0.67,2026-05-23,1826,SNPP,SNPP,n,2.0NRT,282.4,1.31,N
36.98535,126.69003,302.1,0.45,0.63,2026-05-23,1826,SNPP,SNPP,n,2.0NRT,285.61,1.75,N
37.48211,129.04486,296.93,0.57,0.69,2026-05-23,1826,SNPP,SNPP,n,2.0NRT,283.16,0.92,N
36.00183,129.39223,327.15,0.38,0.44,2026-05-24,0406,SNPP,SNPP,l,2.0NRT,298.55,3.71,D
36.98207,126.713,326.68,0.5,0.49,2026-05-24,0406,SNPP,SNPP,l,2.0NRT,299.36,4.59,D
36.98137,126.68937,329.68,0.5,0.49,2026-05-24,0406,SNPP,SNPP,n,2.0NRT,297.18,3.61,D
35.99908,129.39851,312.16,0.51,0.66,2026-05-24,1626,SNPP,SNPP,n,2.0NRT,287.1,3.77,N
37.59429,129.00929,303.61,0.55,0.68,2026-05-24,1626,SNPP,SNPP,n,2.0NRT,288.29,1.2,N
37.48308,129.05008,302.12,0.55,0.68,2026-05-24,1626,SNPP,SNPP,n,2.0NRT,288.1,1.7,N
37.48288,129.05618,302.99,0.55,0.68,2026-05-24,1626,SNPP,SNPP,n,2.0NRT,287.73,1.7,N
37.01314,128.33208,298.73,0.59,0.7,2026-05-24,1626,SNPP,SNPP,n,2.0NRT,288.2,0.63,N
36.98624,126.68113,300.52,0.73,0.76,2026-05-24,1626,SNPP,SNPP,n,2.0NRT,288.51,2.95,N
36.98613,126.68979,303.14,0.73,0.76,2026-05-24,1626,SNPP,SNPP,n,2.0NRT,289.54,2.95,N
36.9859,126.70707,299.77,0.73,0.76,2026-05-24,1626,SNPP,SNPP,n,2.0NRT,289.02,3.03,N
36.98358,126.68562,317.89,0.73,0.76,2026-05-24,1626,SNPP,SNPP,n,2.0NRT,291.37,4.28,N
36.0107,129.38193,300.84,0.51,0.66,2026-05-24,1626,SNPP,SNPP,n,2.0NRT,287.54,1.54,N
36.00425,129.38744,301.12,0.51,0.66,2026-05-24,1626,SNPP,SNPP,n,2.0NRT,287.38,1.54,N
36.00377,129.39917,298.62,0.51,0.66,2026-05-24,1626,SNPP,SNPP,n,2.0NRT,287.07,1.91,N
35.9978,129.39294,302.6,0.51,0.66,2026-05-24,1626,SNPP,SNPP,n,2.0NRT,287.37,1.6,N
35.99757,129.39873,309.92,0.51,0.66,2026-05-24,1626,SNPP,SNPP,n,2.0NRT,287.04,1.6,N
35.99934,129.39275,303.6,0.51,0.66,2026-05-24,1626,SNPP,SNPP,n,2.0NRT,287.43,4.69,N
36.98291,126.68441,302.92,0.51,0.49,2026-05-24,1809,SNPP,SNPP,n,2.0NRT,289.55,1.64,N
37.59435,129.01161,303.24,0.32,0.55,2026-05-24,1809,SNPP,SNPP,n,2.0NRT,289.86,0.47,N
37.48316,129.05472,301.02,0.33,0.55,2026-05-24,1809,SNPP,SNPP,n,2.0NRT,288.84,0.34,N
37.42595,129.1723,303.72,0.33,0.55,2026-05-24,1809,SNPP,SNPP,n,2.0NRT,288.91,0.68,N
37.42115,129.16978,300.55,0.33,0.55,2026-05-24,1809,SNPP,SNPP,n,2.0NRT,288.26,0.45,N
37.2323,128.32111,301.98,0.61,0.53,2026-05-24,1809,SNPP,SNPP,n,2.0NRT,287.67,1.77,N
37.48904,126.64297,303.01,0.49,0.49,2026-05-24,1809,SNPP,SNPP,n,2.0NRT,288.94,1.39,N
37.02549,128.32135,304.4,0.62,0.54,2026-05-24,1809,SNPP,SNPP,n,2.0NRT,288.63,1.09,N
36.98909,126.69878,308.76,0.51,0.49,2026-05-24,1809,SNPP,SNPP,n,2.0NRT,290.89,1.77,N
36.986,126.6916,302.33,0.51,0.49,2026-05-24,1809,SNPP,SNPP,n,2.0NRT,291.06,1.31,N
36.98337,126.70269,302.12,0.51,0.49,2026-05-24,1809,SNPP,SNPP,n,2.0NRT,291.72,1.77,N
36.98205,126.70823,308.28,0.51,0.49,2026-05-24,1809,SNPP,SNPP,n,2.0NRT,292.04,1.82,N
36.9816,126.68994,308.33,0.51,0.49,2026-05-24,1809,SNPP,SNPP,n,2.0NRT,292.15,1.64,N
36.98351,126.70046,301.57,0.51,0.49,2026-05-24,1809,SNPP,SNPP,n,2.0NRT,291.13,2.02,N
36.98093,126.71163,306.18,0.51,0.49,2026-05-24,1809,SNPP,SNPP,n,2.0NRT,289.87,1.06,N
36.98166,126.6877,314.5,0.51,0.49,2026-05-24,1809,SNPP,SNPP,n,2.0NRT,292.52,4.36,N
36.0103,129.38251,299.11,0.37,0.58,2026-05-24,1809,SNPP,SNPP,n,2.0NRT,287.78,1.1,N
36.00304,129.38837,313.2,0.37,0.58,2026-05-24,1809,SNPP,SNPP,n,2.0NRT,289.17,1.47,N
36.00199,129.3924,301.62,0.37,0.58,2026-05-24,1809,SNPP,SNPP,n,2.0NRT,289.31,1.47,N
35.36806,128.48778,298.46,0.34,0.56,2026-05-24,1809,SNPP,SNPP,n,2.0NRT,288.39,0.61,N
35.99961,129.40282,335.2,0.34,0.56,2026-05-25,0349,SNPP,SNPP,n,2.0NRT,292.35,3.54,D
35.85928,128.36761,325.83,0.39,0.59,2026-05-25,0349,SNPP,SNPP,n,2.0NRT,289.79,2.95,D
36.98467,126.71092,307.31,0.46,0.39,2026-05-25,1747,SNPP,SNPP,n,2.0NRT,270.55,1.21,N
36.98211,126.70482,295.48,0.46,0.39,2026-05-25,1747,SNPP,SNPP,n,2.0NRT,269.72,1.31,N
36.98113,126.70988,305.76,0.46,0.39,2026-05-25,1747,SNPP,SNPP,n,2.0NRT,269.23,1.21,N
36.9815,126.68858,297.28,0.46,0.39,2026-05-25,1747,SNPP,SNPP,n,2.0NRT,270.4,0.83,N
36.00326,129.39012,309.32,0.42,0.45,2026-05-25,1747,SNPP,SNPP,n,2.0NRT,273.18,1.3,N
35.08114,128.98592,313.67,0.42,0.45,2026-05-25,1749,SNPP,SNPP,n,2.0NRT,287.83,1.85,N
35.36805,128.48607,300.8,0.44,0.39,2026-05-27,1711,SNPP,SNPP,n,2.0NRT,287.18,1.02,N
36.98667,126.71329,333.5,0.41,0.37,2026-05-28,0432,SNPP,SNPP,l,2.0NRT,303.91,4.93,D
36.9833,126.71417,334.83,0.41,0.37,2026-05-28,0432,SNPP,SNPP,l,2.0NRT,304.13,4.93,D
35.99914,129.3931,342.93,0.38,0.36,2026-05-28,0432,SNPP,SNPP,n,2.0NRT,301.03,3.43,D
35.99978,129.39734,338.09,0.38,0.36,2026-05-28,0432,SNPP,SNPP,n,2.0NRT,301.48,3.43,D
36.98768,126.69879,334.8,0.41,0.37,2026-05-28,0432,SNPP,SNPP,l,2.0NRT,301.53,8.24,D
37.48451,129.05664,338.23,0.38,0.36,2026-05-28,0432,SNPP,SNPP,n,2.0NRT,308.27,7.3,D
37.59647,129.01305,333.24,0.38,0.36,2026-05-28,0432,SNPP,SNPP,n,2.0NRT,304.52,3.82,D
37.48829,126.6382,331.44,0.4,0.37,2026-05-28,0432,SNPP,SNPP,l,2.0NRT,303.94,6.07,D
37.48419,129.04716,306.82,0.49,0.49,2026-05-28,1652,SNPP,SNPP,n,2.0NRT,290.5,1.94,N
37.59778,129.01112,310.67,0.5,0.49,2026-05-28,1652,SNPP,SNPP,n,2.0NRT,290.42,2.06,N
37.48373,129.05246,331.42,0.49,0.49,2026-05-28,1652,SNPP,SNPP,n,2.0NRT,292.02,4.68,N
37.42142,129.17281,298.66,0.48,0.48,2026-05-28,1652,SNPP,SNPP,n,2.0NRT,284.84,0.96,N
37.0093,128.33408,299.19,0.53,0.5,2026-05-28,1652,SNPP,SNPP,n,2.0NRT,288.22,2.08,N
36.98311,126.68887,296.72,0.33,0.55,2026-05-28,1652,SNPP,SNPP,n,2.0NRT,286.65,0.53,N
36.98284,126.69265,300.6,0.33,0.55,2026-05-28,1652,SNPP,SNPP,n,2.0NRT,286.32,0.53,N
36.98257,126.6964,297.89,0.33,0.55,2026-05-28,1652,SNPP,SNPP,n,2.0NRT,287.08,0.5,N
36.0293,129.39531,308.32,0.45,0.47,2026-05-28,1652,SNPP,SNPP,n,2.0NRT,292.31,2.98,N
36.00372,129.38644,303.43,0.45,0.47,2026-05-28,1652,SNPP,SNPP,n,2.0NRT,290.93,1.57,N
36.00323,129.39156,310.62,0.45,0.47,2026-05-28,1652,SNPP,SNPP,n,2.0NRT,291.9,1.57,N
36.00273,129.39662,307.77,0.45,0.47,2026-05-28,1652,SNPP,SNPP,n,2.0NRT,292.91,1.18,N
35.99839,129.396,311.89,0.45,0.47,2026-05-28,1652,SNPP,SNPP,n,2.0NRT,290.57,1.18,N
35.96989,129.37138,304.49,0.45,0.47,2026-05-28,1652,SNPP,SNPP,n,2.0NRT,289.31,0.92,N
35.09888,128.86229,309.83,0.47,0.48,2026-05-28,1652,SNPP,SNPP,n,2.0NRT,290.3,1.42,N
36.99355,126.3423,303.79,0.52,0.67,2026-05-28,1832,SNPP,SNPP,n,2.0NRT,286.34,1.05,N
36.95338,126.61806,301.33,0.54,0.68,2026-05-28,1832,SNPP,SNPP,n,2.0NRT,285.24,0.97,N
37.22835,128.32611,298.12,0.64,0.72,2026-05-28,1832,SNPP,SNPP,n,2.0NRT,285.02,0.95,N
37.23288,128.32095,295.39,0.64,0.72,2026-05-28,1832,SNPP,SNPP,n,2.0NRT,284.67,1.58,N
35.09837,128.86194,335.03,0.53,0.42,2026-05-29,0412,SNPP,SNPP,n,2.0NRT,304.09,8.37,D
35.31513,129.17924,332.57,0.51,0.41,2026-05-29,0412,SNPP,SNPP,l,2.0NRT,303.08,6.74,D
36.00011,129.39558,334.57,0.49,0.4,2026-05-29,0412,SNPP,SNPP,l,2.0NRT,309.55,6.61,D
36.00912,128.4312,329.48,0.54,0.42,2026-05-29,0412,SNPP,SNPP,l,2.0NRT,303.64,4.48,D
36.82761,127.11094,330.17,0.4,0.44,2026-05-29,0414,SNPP,SNPP,l,2.0NRT,304.76,2.08,D
36.98427,126.71198,346.55,0.42,0.45,2026-05-29,0414,SNPP,SNPP,n,2.0NRT,310.15,7.45,D
36.98436,126.69225,334.85,0.42,0.45,2026-05-29,0414,SNPP,SNPP,l,2.0NRT,307.13,4.03,D
37.48697,129.05731,338.68,0.48,0.4,2026-05-29,0414,SNPP,SNPP,n,2.0NRT,305.3,4.4,D
37.41658,126.88534,335.62,0.4,0.44,2026-05-29,0414,SNPP,SNPP,n,2.0NRT,295.83,2.35,D
37.39822,126.7021,331.97,0.41,0.45,2026-05-29,0414,SNPP,SNPP,l,2.0NRT,305.92,5.37,D
37.59542,129.01096,312.3,0.45,0.63,2026-05-29,1635,SNPP,SNPP,n,2.0NRT,293.23,1.98,N
37.48355,129.05235,332.29,0.45,0.63,2026-05-29,1635,SNPP,SNPP,n,2.0NRT,296.29,3.1,N
37.42015,129.17104,306.22,0.44,0.62,2026-05-29,1635,SNPP,SNPP,n,2.0NRT,291.17,1.06,N
37.18584,128.3163,296.98,0.49,0.65,2026-05-29,1635,SNPP,SNPP,n,2.0NRT,286.55,0.49,N
36.98434,126.68153,300.73,0.6,0.7,2026-05-29,1635,SNPP,SNPP,n,2.0NRT,287.88,2.03,N
36.98415,126.68855,311.55,0.6,0.7,2026-05-29,1635,SNPP,SNPP,n,2.0NRT,291.17,2.03,N
36.98396,126.69554,304.41,0.6,0.7,2026-05-29,1635,SNPP,SNPP,n,2.0NRT,291.42,3.49,N
36.98359,126.7096,301.23,0.6,0.7,2026-05-29,1635,SNPP,SNPP,n,2.0NRT,288.69,1.6,N
36.98659,126.68307,302.17,0.6,0.7,2026-05-29,1635,SNPP,SNPP,n,2.0NRT,288.67,1.24,N
36.98614,126.69704,301.22,0.6,0.7,2026-05-29,1635,SNPP,SNPP,n,2.0NRT,290.33,1.93,N
36.97997,126.68275,311.05,0.6,0.7,2026-05-29,1635,SNPP,SNPP,n,2.0NRT,290.89,2.84,N
36.97975,126.68977,298.95,0.6,0.7,2026-05-29,1635,SNPP,SNPP,n,2.0NRT,288.57,1.75,N
36.97952,126.69678,303.48,0.6,0.7,2026-05-29,1635,SNPP,SNPP,n,2.0NRT,290.18,1.75,N
36.9793,126.70382,300.59,0.6,0.7,2026-05-29,1635,SNPP,SNPP,n,2.0NRT,288.91,1.95,N
36.02781,129.39455,317.14,0.42,0.61,2026-05-29,1635,SNPP,SNPP,n,2.0NRT,293.93,2.2,N
36.02261,129.38449,303.55,0.42,0.61,2026-05-29,1635,SNPP,SNPP,n,2.0NRT,292.04,1.61,N
36.02236,129.38927,305.55,0.42,0.61,2026-05-29,1635,SNPP,SNPP,n,2.0NRT,294.15,1.61,N
36.02801,129.38574,305.63,0.42,0.61,2026-05-29,1635,SNPP,SNPP,n,2.0NRT,292.36,2.3,N
36.02745,129.39531,312.15,0.42,0.61,2026-05-29,1635,SNPP,SNPP,n,2.0NRT,293.12,1.38,N
36.02203,129.39006,308.7,0.42,0.61,2026-05-29,1635,SNPP,SNPP,n,2.0NRT,294.47,1.38,N
36.01089,129.38429,303.05,0.42,0.61,2026-05-29,1635,SNPP,SNPP,n,2.0NRT,292.1,1.7,N
36.00492,129.38861,303.37,0.42,0.61,2026-05-29,1635,SNPP,SNPP,n,2.0NRT,292.43,1.42,N
36.00465,129.39333,308.66,0.42,0.61,2026-05-29,1635,SNPP,SNPP,n,2.0NRT,293.7,1.42,N
35.99841,129.40231,301.32,0.42,0.61,2026-05-29,1635,SNPP,SNPP,n,2.0NRT,290.86,2.04,N
35.13198,128.85805,303.67,0.44,0.62,2026-05-29,1635,SNPP,SNPP,n,2.0NRT,288.15,0.68,N
35.13215,128.86139,303.06,0.44,0.62,2026-05-29,1635,SNPP,SNPP,n,2.0NRT,287.64,0.55,N
35.10443,128.83409,306.9,0.44,0.62,2026-05-29,1635,SNPP,SNPP,n,2.0NRT,288.86,0.64,N
36.98396,126.70708,309.56,0.61,0.54,2026-05-29,1813,SNPP,SNPP,n,2.0NRT,293.21,2.45,N
37.42509,129.17192,308.66,0.4,0.6,2026-05-29,1813,SNPP,SNPP,n,2.0NRT,293.17,1.25,N
37.42612,129.17047,304.37,0.4,0.6,2026-05-29,1813,SNPP,SNPP,n,2.0NRT,292.84,1.22,N
37.23017,128.32451,310.4,0.37,0.58,2026-05-29,1813,SNPP,SNPP,n,2.0NRT,287.95,0.97,N
37.20779,128.30135,298.06,0.37,0.58,2026-05-29,1813,SNPP,SNPP,n,2.0NRT,285.91,0.52,N
37.20258,128.29948,299.47,0.37,0.58,2026-05-29,1813,SNPP,SNPP,n,2.0NRT,285.66,0.52,N
37.20399,128.30168,298.85,0.37,0.58,2026-05-29,1813,SNPP,SNPP,n,2.0NRT,286.3,1.08,N
37.334,127.33246,343.67,0.32,0.55,2026-05-29,1813,SNPP,SNPP,n,2.0NRT,288.55,3.43,N
37.33593,127.33313,337.23,0.32,0.55,2026-05-29,1813,SNPP,SNPP,n,2.0NRT,287.87,1.66,N
37.33112,127.33083,304.47,0.32,0.55,2026-05-29,1813,SNPP,SNPP,n,2.0NRT,285.63,1.66,N
37.02529,128.31908,304.12,0.37,0.58,2026-05-29,1813,SNPP,SNPP,n,2.0NRT,286.77,0.97,N
37.01366,128.34123,310.21,0.37,0.58,2026-05-29,1813,SNPP,SNPP,n,2.0NRT,287.84,1.28,N
37.0106,128.33115,299.59,0.37,0.58,2026-05-29,1813,SNPP,SNPP,n,2.0NRT,285.93,0.56,N
36.98537,126.72241,310.08,0.62,0.54,2026-05-29,1813,SNPP,SNPP,n,2.0NRT,287.81,2.4,N
36.98563,126.70041,304.92,0.61,0.54,2026-05-29,1813,SNPP,SNPP,n,2.0NRT,291.68,1.54,N
36.98228,126.71381,308.61,0.61,0.54,2026-05-29,1813,SNPP,SNPP,n,2.0NRT,288.67,2.45,N
36.98423,126.68508,303.89,0.61,0.54,2026-05-29,1813,SNPP,SNPP,n,2.0NRT,288.72,1.53,N
36.98255,126.69179,306.95,0.61,0.54,2026-05-29,1813,SNPP,SNPP,n,2.0NRT,291.93,1.54,N
36.98087,126.69846,299.9,0.61,0.54,2026-05-29,1813,SNPP,SNPP,n,2.0NRT,289.32,1.54,N
36.0101,129.38202,301.54,0.45,0.63,2026-05-29,1813,SNPP,SNPP,n,2.0NRT,291.2,1.32,N
36.00318,129.38443,307.8,0.45,0.63,2026-05-29,1813,SNPP,SNPP,n,2.0NRT,291.65,1.63,N
36.00182,129.38924,308.29,0.45,0.63,2026-05-29,1813,SNPP,SNPP,n,2.0NRT,293.08,1.3,N
36.00045,129.3941,307.73,0.45,0.63,2026-05-29,1813,SNPP,SNPP,n,2.0NRT,292.86,1.3,N
36.00893,129.38586,303.59,0.45,0.63,2026-05-29,1813,SNPP,SNPP,n,2.0NRT,291.89,1.11,N
36.00338,129.38342,301.91,0.45,0.63,2026-05-29,1813,SNPP,SNPP,n,2.0NRT,291.17,1.39,N
36.00204,129.38826,309.75,0.45,0.63,2026-05-29,1813,SNPP,SNPP,n,2.0NRT,292.39,1.39,N
36.0007,129.39316,308.1,0.45,0.63,2026-05-29,1813,SNPP,SNPP,n,2.0NRT,293.39,2.15,N
35.97476,126.60768,300.56,0.32,0.55,2026-05-29,1813,SNPP,SNPP,n,2.0NRT,288.97,0.61,N
35.96989,126.6058,307.24,0.32,0.55,2026-05-29,1813,SNPP,SNPP,n,2.0NRT,288.54,0.61,N
35.97145,126.60532,308.75,0.32,0.55,2026-05-29,1813,SNPP,SNPP,n,2.0NRT,288.16,0.96,N
34.82343,127.67941,367,0.39,0.59,2026-05-29,1813,SNPP,SNPP,h,2.0NRT,294.15,11.66,N
34.82243,127.68317,306.9,0.39,0.59,2026-05-29,1813,SNPP,SNPP,n,2.0NRT,288.04,7.43,N
34.81817,127.67716,367,0.39,0.59,2026-05-29,1813,SNPP,SNPP,h,2.0NRT,291.88,16.66,N
34.81718,127.68092,325.26,0.39,0.59,2026-05-29,1813,SNPP,SNPP,n,2.0NRT,289.23,14.49,N
34.81921,127.67323,314.74,0.39,0.59,2026-05-29,1813,SNPP,SNPP,n,2.0NRT,291.04,16.66,N
34.9999,126.92228,336.22,0.4,0.6,2026-05-30,0353,SNPP,SNPP,n,2.0NRT,300.55,7.59,D
34.99876,126.91798,347.21,0.4,0.6,2026-05-30,0353,SNPP,SNPP,n,2.0NRT,302.77,7.54,D
35.50675,128.36893,335.89,0.33,0.55,2026-05-30,0353,SNPP,SNPP,n,2.0NRT,304.11,6.74,D
35.63861,128.62418,336.51,0.63,0.54,2026-05-30,0353,SNPP,SNPP,n,2.0NRT,305.83,3.15,D
35.63852,128.62314,337.84,0.63,0.54,2026-05-30,0353,SNPP,SNPP,n,2.0NRT,305.89,7.87,D
35.86147,128.37016,330.25,0.32,0.55,2026-05-30,0353,SNPP,SNPP,l,2.0NRT,301.02,2.54,D
35.86061,128.36673,331.34,0.32,0.55,2026-05-30,0353,SNPP,SNPP,l,2.0NRT,301.42,2.54,D
35.8672,128.37184,329.03,0.32,0.55,2026-05-30,0353,SNPP,SNPP,l,2.0NRT,300.65,3.58,D
36.33108,128.27945,329.19,0.63,0.54,2026-05-30,0353,SNPP,SNPP,n,2.0NRT,300.79,2.48,D
36.73228,127.51605,335.15,0.34,0.56,2026-05-30,0353,SNPP,SNPP,n,2.0NRT,298.86,0.7,D
36.98508,126.6883,328.02,0.5,0.66,2026-05-30,0533,SNPP,SNPP,l,2.0NRT,301.94,6.36,D
36.00298,129.38522,303.78,0.76,0.77,2026-05-30,1613,SNPP,SNPP,n,2.0NRT,293.09,3.79,N
35.9957,129.38522,310.55,0.76,0.77,2026-05-30,1613,SNPP,SNPP,n,2.0NRT,292.09,2.49,N
35.99438,129.38831,301.37,0.76,0.77,2026-05-30,1613,SNPP,SNPP,n,2.0NRT,290.51,1.64,N
37.48487,129.05743,307.23,0.45,0.47,2026-05-30,1754,SNPP,SNPP,n,2.0NRT,294.7,2.31,N
37.48384,129.0544,312.2,0.45,0.47,2026-05-30,1754,SNPP,SNPP,n,2.0NRT,295.52,1.51,N
37.48081,129.04773,307.32,0.45,0.47,2026-05-30,1754,SNPP,SNPP,n,2.0NRT,294.83,1.72,N
37.42093,129.17278,306.25,0.46,0.47,2026-05-30,1754,SNPP,SNPP,n,2.0NRT,293.17,0.56,N
37.23,128.3215,318.03,0.42,0.45,2026-05-30,1756,SNPP,SNPP,n,2.0NRT,289.54,2.17,N
37.20311,128.30038,302.63,0.42,0.45,2026-05-30,1756,SNPP,SNPP,n,2.0NRT,287.69,0.97,N
37.18593,128.31906,300.65,0.42,0.45,2026-05-30,1756,SNPP,SNPP,n,2.0NRT,287.52,0.85,N
37.487,126.63918,308.84,0.52,0.41,2026-05-30,1756,SNPP,SNPP,n,2.0NRT,290.47,1.71,N
37.02635,128.32147,302.62,0.42,0.45,2026-05-30,1756,SNPP,SNPP,n,2.0NRT,288.42,1.17,N
37.01305,128.34186,302.44,0.42,0.45,2026-05-30,1756,SNPP,SNPP,n,2.0NRT,288.38,0.88,N
37.01099,128.33128,300.5,0.42,0.45,2026-05-30,1756,SNPP,SNPP,n,2.0NRT,287.99,1.05,N
36.98488,126.72165,312.54,0.53,0.42,2026-05-30,1756,SNPP,SNPP,n,2.0NRT,289.97,2.18,N
36.98355,126.70869,330.25,0.53,0.42,2026-05-30,1756,SNPP,SNPP,n,2.0NRT,296.04,4.12,N
36.98654,126.72665,310.59,0.53,0.42,2026-05-30,1756,SNPP,SNPP,n,2.0NRT,291.43,2.15,N
36.98137,126.7124,329.44,0.53,0.42,2026-05-30,1756,SNPP,SNPP,n,2.0NRT,292.7,2.85,N
36.98256,126.7065,307.61,0.53,0.42,2026-05-30,1756,SNPP,SNPP,n,2.0NRT,297.5,2.85,N
36.98236,126.6877,325.99,0.53,0.42,2026-05-30,1756,SNPP,SNPP,n,2.0NRT,294.79,4.19,N
36.98117,126.69355,303.45,0.53,0.42,2026-05-30,1756,SNPP,SNPP,n,2.0NRT,292.26,4.19,N
36.97878,126.70527,312.48,0.53,0.42,2026-05-30,1756,SNPP,SNPP,n,2.0NRT,292.01,2.85,N
36.00467,129.39079,308.2,0.5,0.49,2026-05-30,1756,SNPP,SNPP,n,2.0NRT,295.09,1.7,N
36.00028,129.38913,307.17,0.5,0.49,2026-05-30,1756,SNPP,SNPP,n,2.0NRT,294.34,1.7,N
35.97238,126.60529,308.83,0.55,0.43,2026-05-30,1756,SNPP,SNPP,n,2.0NRT,290.67,1.16,N
34.82269,127.67749,340.33,0.43,0.46,2026-05-30,1756,SNPP,SNPP,n,2.0NRT,293.73,6.1,N
34.81856,127.67606,340.06,0.43,0.46,2026-05-30,1756,SNPP,SNPP,n,2.0NRT,293.45,9.32,N
34.81758,127.68048,305.45,0.43,0.46,2026-05-30,1756,SNPP,SNPP,n,2.0NRT,290.87,3.5,N
34.81065,127.23693,328.65,0.69,0.75,2026-05-31,0334,SNPP,SNPP,n,2.0NRT,301.13,3.92,D
35.21973,126.37891,330.29,0.75,0.77,2026-05-31,0336,SNPP,SNPP,n,2.0NRT,299.64,5.64,D
35.2161,126.37894,329.01,0.75,0.77,2026-05-31,0336,SNPP,SNPP,n,2.0NRT,299.8,5.64,D
37.48496,129.05724,334.72,0.47,0.64,2026-05-31,0336,SNPP,SNPP,n,2.0NRT,307.5,5.12,D
34.54631,126.53718,335.79,0.5,0.49,2026-05-31,0516,SNPP,SNPP,n,2.0NRT,301.48,4.62,D
34.73017,125.92243,331.98,0.47,0.47,2026-05-31,0516,SNPP,SNPP,n,2.0NRT,302.01,1.68,D
36.98368,126.71528,341.11,0.54,0.51,2026-05-31,0516,SNPP,SNPP,n,2.0NRT,309.92,12.32,D
37.59583,129.01208,317.06,0.42,0.38,2026-05-31,1737,SNPP,SNPP,n,2.0NRT,294.63,1.72,N
37.48495,129.05759,323.84,0.42,0.38,2026-05-31,1737,SNPP,SNPP,n,2.0NRT,291.74,3.36,N
37.48328,129.047,310.25,0.42,0.38,2026-05-31,1737,SNPP,SNPP,n,2.0NRT,290.25,1,N
37.42594,129.18112,302.98,0.43,0.38,2026-05-31,1737,SNPP,SNPP,n,2.0NRT,287.94,1.3,N
37.42429,129.17044,305.03,0.43,0.38,2026-05-31,1737,SNPP,SNPP,n,2.0NRT,288.54,0.51,N
37.2293,128.32361,308.01,0.41,0.37,2026-05-31,1737,SNPP,SNPP,n,2.0NRT,277.73,1.08,N
37.22983,128.3215,311.25,0.41,0.37,2026-05-31,1737,SNPP,SNPP,n,2.0NRT,278.48,1.13,N
37.49173,126.63155,301.68,0.39,0.36,2026-05-31,1737,SNPP,SNPP,n,2.0NRT,289.65,0.43,N
37.49033,126.64019,310.87,0.39,0.36,2026-05-31,1737,SNPP,SNPP,n,2.0NRT,291.6,0.92,N
37.20527,128.30032,298.26,0.41,0.37,2026-05-31,1737,SNPP,SNPP,n,2.0NRT,278.94,0.94,N
37.02537,128.32021,302.13,0.41,0.37,2026-05-31,1737,SNPP,SNPP,n,2.0NRT,279.26,0.98,N
37.01195,128.33566,306.23,0.41,0.37,2026-05-31,1737,SNPP,SNPP,n,2.0NRT,281.34,0.74,N
37.01114,128.34021,303.22,0.41,0.37,2026-05-31,1737,SNPP,SNPP,n,2.0NRT,280.72,0.74,N
36.99021,126.69969,299.03,0.39,0.36,2026-05-31,1737,SNPP,SNPP,n,2.0NRT,282.63,0.53,N
36.98691,126.69886,330.05,0.39,0.36,2026-05-31,1737,SNPP,SNPP,n,2.0NRT,283.76,2.58,N
36.98621,126.70316,312.01,0.39,0.36,2026-05-31,1737,SNPP,SNPP,n,2.0NRT,282.04,1.95,N
36.98479,126.71178,299.15,0.39,0.36,2026-05-31,1737,SNPP,SNPP,n,2.0NRT,282.04,2.27,N
36.98149,126.71094,331.35,0.39,0.36,2026-05-31,1737,SNPP,SNPP,n,2.0NRT,284.27,2.27,N
36.98504,126.68941,305.5,0.39,0.36,2026-05-31,1737,SNPP,SNPP,n,2.0NRT,283.47,1.14,N
36.98362,126.69801,312.98,0.39,0.36,2026-05-31,1737,SNPP,SNPP,n,2.0NRT,282.67,2.58,N
36.98291,126.70232,315.31,0.39,0.36,2026-05-31,1737,SNPP,SNPP,n,2.0NRT,283.37,1.95,N
36.98174,126.68856,328.51,0.39,0.36,2026-05-31,1737,SNPP,SNPP,n,2.0NRT,285.93,2.94,N
36.98103,126.69286,309.36,0.39,0.36,2026-05-31,1737,SNPP,SNPP,n,2.0NRT,282.76,1.94,N
36.97961,126.70148,315.88,0.39,0.36,2026-05-31,1737,SNPP,SNPP,n,2.0NRT,281.42,1.54,N
36.02733,129.39662,303.58,0.45,0.39,2026-05-31,1737,SNPP,SNPP,n,2.0NRT,285.81,1.64,N
36.02567,129.3857,335.33,0.45,0.39,2026-05-31,1737,SNPP,SNPP,n,2.0NRT,285.79,5.35,N
36.02214,129.38467,307.19,0.45,0.39,2026-05-31,1737,SNPP,SNPP,n,2.0NRT,284.89,2.9,N
36.00262,129.38947,320.95,0.45,0.39,2026-05-31,1737,SNPP,SNPP,n,2.0NRT,280.99,3.09,N
36.00073,129.3994,308.56,0.45,0.39,2026-05-31,1737,SNPP,SNPP,n,2.0NRT,283.84,1.31,N
35.99815,129.39339,315.64,0.45,0.39,2026-05-31,1737,SNPP,SNPP,n,2.0NRT,285.2,2.28,N
35.9972,129.39839,301.27,0.45,0.39,2026-05-31,1737,SNPP,SNPP,n,2.0NRT,284.05,1.32,N
35.08065,128.99057,315.9,0.45,0.39,2026-05-31,1737,SNPP,SNPP,n,2.0NRT,286.3,1.14,N
35.09735,128.86255,301.3,0.45,0.39,2026-05-31,1737,SNPP,SNPP,n,2.0NRT,282.13,0.71,N
34.80975,127.66137,300.44,0.41,0.37,2026-05-31,1737,SNPP,SNPP,n,2.0NRT,287.26,0.75,N
37.59668,129.01265,320.45,0.41,0.45,2026-06-02,1658,SNPP,SNPP,n,2.0NRT,294.34,2.02,N
37.59524,129.01054,305.91,0.41,0.45,2026-06-02,1658,SNPP,SNPP,n,2.0NRT,291.58,1.11,N
37.59476,129.01515,305.87,0.41,0.45,2026-06-02,1658,SNPP,SNPP,n,2.0NRT,291.58,0.95,N
37.48576,129.0545,336.13,0.41,0.45,2026-06-02,1658,SNPP,SNPP,n,2.0NRT,295.1,4.26,N
37.48207,129.04939,316.04,0.41,0.45,2026-06-02,1658,SNPP,SNPP,n,2.0NRT,293.69,2.05,N
37.48385,129.05737,332.16,0.41,0.45,2026-06-02,1658,SNPP,SNPP,n,2.0NRT,293.19,2.33,N
37.48477,129.04851,313.01,0.41,0.45,2026-06-02,1658,SNPP,SNPP,n,2.0NRT,293.26,3.97,N
37.4258,129.17397,307.34,0.4,0.44,2026-06-02,1658,SNPP,SNPP,n,2.0NRT,291.79,1.01,N
37.48989,126.6399,309.49,0.54,0.51,2026-06-02,1658,SNPP,SNPP,n,2.0NRT,293.18,1.37,N
37.48938,126.64023,307.83,0.54,0.51,2026-06-02,1658,SNPP,SNPP,n,2.0NRT,293.18,1.71,N
37.18633,128.32216,303.45,0.44,0.46,2026-06-02,1658,SNPP,SNPP,n,2.0NRT,290.16,0.94,N
37.01397,128.33421,303.23,0.44,0.46,2026-06-02,1658,SNPP,SNPP,n,2.0NRT,290.43,1.63,N
37.01143,128.3322,302.38,0.44,0.46,2026-06-02,1658,SNPP,SNPP,n,2.0NRT,290.06,1.23,N
36.98611,126.68481,305.23,0.53,0.5,2026-06-02,1658,SNPP,SNPP,n,2.0NRT,289.95,2.55,N
36.98561,126.69091,317.74,0.53,0.5,2026-06-02,1658,SNPP,SNPP,n,2.0NRT,294.41,3.19,N
36.98462,126.70309,307.72,0.53,0.5,2026-06-02,1658,SNPP,SNPP,n,2.0NRT,292.83,1.28,N
36.98412,126.70924,303.27,0.53,0.5,2026-06-02,1658,SNPP,SNPP,n,2.0NRT,293.24,1.28,N
36.98092,126.69031,312.53,0.53,0.5,2026-06-02,1658,SNPP,SNPP,n,2.0NRT,291.9,3.19,N
36.95343,126.61859,302.83,0.54,0.51,2026-06-02,1658,SNPP,SNPP,n,2.0NRT,289.34,0.95,N
36.00151,129.39578,302.07,0.56,0.43,2026-06-02,1658,SNPP,SNPP,n,2.0NRT,289.68,1.24,N
36.00083,129.40204,300.04,0.56,0.43,2026-06-02,1658,SNPP,SNPP,n,2.0NRT,289.31,1.28,N
35.99754,129.39511,300.47,0.56,0.43,2026-06-02,1658,SNPP,SNPP,n,2.0NRT,289.03,1.24,N
35.08369,128.99146,317.18,0.38,0.43,2026-06-02,1658,SNPP,SNPP,n,2.0NRT,289.44,1.44,N
35.07968,128.99072,305.58,0.38,0.43,2026-06-02,1658,SNPP,SNPP,n,2.0NRT,288.13,1.44,N
37.01254,128.33459,299.34,0.78,0.78,2026-06-02,1838,SNPP,SNPP,n,2.0NRT,286.91,1.65,N
37.01119,128.33316,298.75,0.78,0.78,2026-06-02,1838,SNPP,SNPP,n,2.0NRT,287.14,1.43,N
36.98352,126.70344,300.26,0.65,0.73,2026-06-02,1838,SNPP,SNPP,n,2.0NRT,289.14,1.41,N
36.9813,126.7105,301.57,0.65,0.73,2026-06-02,1838,SNPP,SNPP,n,2.0NRT,289.01,1.41,N
36.98159,126.68629,305.51,0.65,0.73,2026-06-02,1838,SNPP,SNPP,n,2.0NRT,289.47,2.15,N
36.98557,126.71004,301.09,0.65,0.73,2026-06-02,1838,SNPP,SNPP,n,2.0NRT,289.25,1.53,N
36.98573,126.6858,299.87,0.65,0.73,2026-06-02,1838,SNPP,SNPP,n,2.0NRT,288.47,1.98,N
36.98354,126.69286,300.12,0.65,0.73,2026-06-02,1838,SNPP,SNPP,n,2.0NRT,289.67,1.72,N
36.98137,126.69987,308.81,0.65,0.73,2026-06-02,1838,SNPP,SNPP,n,2.0NRT,289.21,1.72,N
35.20821,126.80847,330.68,0.56,0.43,2026-06-03,0419,SNPP,SNPP,l,2.0NRT,304.85,9.36,D
35.2133,126.81331,331.32,0.56,0.43,2026-06-03,0419,SNPP,SNPP,l,2.0NRT,304.84,6.48,D
37.48448,129.05902,335.72,0.42,0.38,2026-06-03,0419,SNPP,SNPP,l,2.0NRT,306.64,9.77,D
37.59655,129.01495,332.34,0.42,0.38,2026-06-03,0419,SNPP,SNPP,n,2.0NRT,303.77,4.58,D
37.02416,128.32135,299.63,0.4,0.6,2026-06-03,1639,SNPP,SNPP,n,2.0NRT,287.48,0.53,N
37.01346,128.34195,301.31,0.4,0.6,2026-06-03,1639,SNPP,SNPP,n,2.0NRT,288.18,0.63,N
35.95844,126.54198,312.7,0.39,0.59,2026-06-03,1819,SNPP,SNPP,n,2.0NRT,288.25,2.27,N
35.95318,126.53984,322.33,0.39,0.59,2026-06-03,1819,SNPP,SNPP,n,2.0NRT,287.71,2.27,N
35.88336,126.95076,330.29,0.63,0.54,2026-06-04,0400,SNPP,SNPP,n,2.0NRT,294.25,12.75,D
37.59507,129.00893,296.41,0.67,0.73,2026-06-04,1620,SNPP,SNPP,n,2.0NRT,286.38,1.59,N
37.48469,129.04872,299.8,0.66,0.73,2026-06-04,1620,SNPP,SNPP,n,2.0NRT,286.38,1.5,N
37.48456,129.05568,311.24,0.66,0.73,2026-06-04,1620,SNPP,SNPP,n,2.0NRT,287.02,1.5,N
37.48475,129.04997,299.89,0.66,0.73,2026-06-04,1620,SNPP,SNPP,n,2.0NRT,286.64,2.88,N
37.48458,129.05701,308.19,0.66,0.73,2026-06-04,1620,SNPP,SNPP,n,2.0NRT,287.16,1.96,N
36.0047,129.38896,311.27,0.62,0.72,2026-06-04,1622,SNPP,SNPP,n,2.0NRT,288.5,2.46,N
36.00902,129.38309,303.67,0.62,0.72,2026-06-04,1622,SNPP,SNPP,n,2.0NRT,288.15,2.14,N
36.00205,129.39009,312.54,0.62,0.72,2026-06-04,1622,SNPP,SNPP,n,2.0NRT,288.57,3.27,N
35.10368,128.82878,309.26,0.66,0.73,2026-06-04,1622,SNPP,SNPP,n,2.0NRT,287.65,1.47,N
35.08575,128.98572,295.18,0.65,0.73,2026-06-04,1622,SNPP,SNPP,n,2.0NRT,278.89,0.77,N
35.10399,128.83183,302.33,0.66,0.73,2026-06-04,1622,SNPP,SNPP,n,2.0NRT,287.54,2.59,N
35.0852,128.98874,300.7,0.65,0.73,2026-06-04,1622,SNPP,SNPP,n,2.0NRT,279.55,2.25,N
37.48321,129.05594,302.53,0.54,0.51,2026-06-04,1802,SNPP,SNPP,n,2.0NRT,288.99,0.72,N
37.42522,129.17247,300.62,0.55,0.51,2026-06-04,1802,SNPP,SNPP,n,2.0NRT,288.34,1.39,N
36.89961,128.75185,336.73,0.54,0.51,2026-06-04,1802,SNPP,SNPP,n,2.0NRT,288.4,5.22,N
36.01825,129.38409,303.13,0.61,0.53,2026-06-04,1802,SNPP,SNPP,n,2.0NRT,290.99,2.58,N
36.01347,129.38229,315.18,0.61,0.53,2026-06-04,1802,SNPP,SNPP,n,2.0NRT,290.42,2.58,N
36.00705,129.38707,301.33,0.61,0.53,2026-06-04,1802,SNPP,SNPP,n,2.0NRT,290.93,2.81,N
36.00062,129.39186,319.08,0.61,0.54,2026-06-04,1802,SNPP,SNPP,n,2.0NRT,291.74,2.81,N
36.01241,129.3826,301.42,0.61,0.53,2026-06-04,1802,SNPP,SNPP,n,2.0NRT,290.49,3.46,N
36.00441,129.39403,303.22,0.61,0.54,2026-06-04,1802,SNPP,SNPP,n,2.0NRT,291.74,1.83,N
35.99964,129.39218,316,0.61,0.54,2026-06-04,1802,SNPP,SNPP,n,2.0NRT,291.56,3.45,N
35.37088,128.48453,300.72,0.57,0.52,2026-06-04,1802,SNPP,SNPP,n,2.0NRT,289.38,1.22,N
36.0018,129.39252,328.53,0.41,0.61,2026-06-05,0342,SNPP,SNPP,l,2.0NRT,300.03,4.18,D
34.67356,125.97788,339.38,0.57,0.52,2026-06-05,0523,SNPP,SNPP,n,2.0NRT,296.36,9.34,D
36.98439,126.71358,332.96,0.33,0.56,2026-06-05,0523,SNPP,SNPP,l,2.0NRT,305.72,4.06,D
36.98259,126.68704,328.15,0.33,0.55,2026-06-05,0523,SNPP,SNPP,l,2.0NRT,302.75,3.28,D
37.59754,129.01083,303.72,0.48,0.4,2026-06-05,1741,SNPP,SNPP,n,2.0NRT,290.11,0.92,N
37.48653,129.05414,309.33,0.48,0.4,2026-06-05,1741,SNPP,SNPP,n,2.0NRT,289.98,1.26,N
37.484,129.04747,304.24,0.48,0.4,2026-06-05,1741,SNPP,SNPP,n,2.0NRT,290.1,0.66,N
37.4829,129.05301,303.59,0.48,0.4,2026-06-05,1741,SNPP,SNPP,n,2.0NRT,287.83,1.26,N
37.42697,129.17918,305.5,0.49,0.4,2026-06-05,1741,SNPP,SNPP,n,2.0NRT,289.72,1.11,N
37.42444,129.17244,308.37,0.49,0.4,2026-06-05,1741,SNPP,SNPP,n,2.0NRT,289.65,1.49,N
37.22816,128.32304,308.5,0.46,0.39,2026-06-05,1741,SNPP,SNPP,n,2.0NRT,286.48,1.71,N
37.2306,128.32201,311.65,0.46,0.39,2026-06-05,1741,SNPP,SNPP,n,2.0NRT,288.13,1.59,N
37.20424,128.30338,298.92,0.46,0.39,2026-06-05,1741,SNPP,SNPP,n,2.0NRT,285.87,1.29,N
37.18623,128.31927,300.34,0.46,0.39,2026-06-05,1741,SNPP,SNPP,n,2.0NRT,285.65,0.64,N
37.49099,126.64197,303.43,0.4,0.37,2026-06-05,1741,SNPP,SNPP,n,2.0NRT,289.5,0.87,N
37.48844,126.63649,312.41,0.4,0.37,2026-06-05,1741,SNPP,SNPP,n,2.0NRT,289.2,0.87,N
37.48764,126.64102,308.02,0.4,0.37,2026-06-05,1741,SNPP,SNPP,n,2.0NRT,289.57,0.87,N
37.02805,128.31918,300.84,0.46,0.39,2026-06-05,1741,SNPP,SNPP,n,2.0NRT,286.24,1.32,N
37.02353,128.32315,297.11,0.46,0.39,2026-06-05,1741,SNPP,SNPP,n,2.0NRT,285.9,0.66,N
37.01247,128.34135,306.72,0.46,0.39,2026-06-05,1741,SNPP,SNPP,n,2.0NRT,287.18,1.29,N
37.0099,128.33528,298.5,0.46,0.39,2026-06-05,1741,SNPP,SNPP,n,2.0NRT,286.72,0.62,N
37.01274,128.33455,299.51,0.46,0.39,2026-06-05,1741,SNPP,SNPP,n,2.0NRT,287.21,0.89,N
37.01178,128.33957,304.93,0.46,0.39,2026-06-05,1741,SNPP,SNPP,n,2.0NRT,286.44,0.89,N
36.98648,126.70223,314.88,0.41,0.37,2026-06-05,1741,SNPP,SNPP,n,2.0NRT,291.36,1.52,N
36.98147,126.71039,337.7,0.41,0.37,2026-06-05,1741,SNPP,SNPP,n,2.0NRT,292.64,6.01,N
36.98474,126.69219,312.29,0.41,0.37,2026-06-05,1741,SNPP,SNPP,n,2.0NRT,292.09,1.92,N
36.9831,126.70129,311.83,0.41,0.37,2026-06-05,1741,SNPP,SNPP,n,2.0NRT,291.82,1.52,N
36.98183,126.71323,328.21,0.41,0.37,2026-06-05,1741,SNPP,SNPP,n,2.0NRT,290.86,2.8,N
36.98586,126.69046,307.56,0.41,0.37,2026-06-05,1741,SNPP,SNPP,n,2.0NRT,291.85,1.4,N
36.98425,126.69956,309.32,0.41,0.37,2026-06-05,1741,SNPP,SNPP,n,2.0NRT,291.85,1.34,N
36.98264,126.70866,305.19,0.41,0.37,2026-06-05,1741,SNPP,SNPP,n,2.0NRT,292.83,2.8,N
36.98248,126.68951,323.07,0.41,0.37,2026-06-05,1741,SNPP,SNPP,n,2.0NRT,295.03,1.4,N
36.98167,126.69407,303.9,0.41,0.37,2026-06-05,1741,SNPP,SNPP,n,2.0NRT,290.78,1.4,N
36.98007,126.70316,305.37,0.41,0.37,2026-06-05,1741,SNPP,SNPP,n,2.0NRT,289.9,1.34,N
36.9791,126.68858,327.65,0.41,0.37,2026-06-05,1741,SNPP,SNPP,n,2.0NRT,289.36,2.72,N
36.02744,129.39267,308.23,0.53,0.42,2026-06-05,1741,SNPP,SNPP,n,2.0NRT,291.79,1.57,N
36.02366,129.39149,305.34,0.53,0.42,2026-06-05,1741,SNPP,SNPP,n,2.0NRT,291.94,1.57,N
36.02615,129.39153,302.58,0.53,0.42,2026-06-05,1741,SNPP,SNPP,n,2.0NRT,292.3,1.24,N
36.02499,129.39728,309.68,0.53,0.42,2026-06-05,1741,SNPP,SNPP,n,2.0NRT,290.82,1.24,N
36.0186,129.38919,302.51,0.53,0.42,2026-06-05,1741,SNPP,SNPP,n,2.0NRT,291.78,1.28,N
36.00729,129.38565,308.09,0.53,0.42,2026-06-05,1741,SNPP,SNPP,n,2.0NRT,292.86,2.15,N
36.00236,129.3902,316.39,0.53,0.42,2026-06-05,1741,SNPP,SNPP,n,2.0NRT,292.88,2.15,N
35.99742,129.39479,302.2,0.53,0.42,2026-06-05,1741,SNPP,SNPP,n,2.0NRT,291.67,1.41,N
35.97094,126.60558,300.74,0.42,0.37,2026-06-05,1743,SNPP,SNPP,n,2.0NRT,288.6,0.77,N
35.97012,126.61015,303,0.42,0.37,2026-06-05,1743,SNPP,SNPP,n,2.0NRT,291.55,0.77,N
35.36741,128.48378,303.42,0.49,0.4,2026-06-05,1743,SNPP,SNPP,n,2.0NRT,287.12,1.91,N
34.77412,127.2056,333.78,0.56,0.43,2026-06-06,0501,SNPP,SNPP,n,2.0NRT,301.03,6.82,D
34.77263,127.20419,331.25,0.56,0.43,2026-06-06,0501,SNPP,SNPP,n,2.0NRT,300.31,2.69,D
34.6925,125.96486,333.81,0.49,0.4,2026-06-06,0501,SNPP,SNPP,n,2.0NRT,302.23,6.41,D
34.8562,126.1218,330.67,0.5,0.41,2026-06-06,0501,SNPP,SNPP,l,2.0NRT,301.89,3.96,D
36.00488,129.39026,331.7,0.5,0.49,2026-06-06,0504,SNPP,SNPP,l,2.0NRT,306.42,5,D
37.0265,128.32054,299.92,0.39,0.36,2026-06-06,1724,SNPP,SNPP,n,2.0NRT,287.07,1.49,N
37.01399,128.34216,299.43,0.39,0.36,2026-06-06,1724,SNPP,SNPP,n,2.0NRT,287.57,1.35,N
36.03024,129.39537,305.63,0.39,0.36,2026-06-06,1724,SNPP,SNPP,n,2.0NRT,290.68,1.16,N
36.02694,129.39456,307.54,0.39,0.36,2026-06-06,1724,SNPP,SNPP,n,2.0NRT,291.51,1.16,N
36.02364,129.39374,299.96,0.39,0.36,2026-06-06,1724,SNPP,SNPP,n,2.0NRT,289.26,0.9,N
36.00647,129.39392,305.79,0.39,0.36,2026-06-06,1724,SNPP,SNPP,n,2.0NRT,290.51,1.13,N
36.00456,129.38461,310.44,0.39,0.36,2026-06-06,1724,SNPP,SNPP,n,2.0NRT,289.78,1.58,N
36.00386,129.38887,311.96,0.39,0.36,2026-06-06,1724,SNPP,SNPP,n,2.0NRT,290.77,1.58,N
36.00317,129.39311,301.52,0.39,0.36,2026-06-06,1724,SNPP,SNPP,n,2.0NRT,287.88,0.53,N
35.99849,129.40079,301.5,0.39,0.36,2026-06-06,1724,SNPP,SNPP,n,2.0NRT,287.96,0.79,N
35.97083,126.60888,302.83,0.41,0.37,2026-06-06,1724,SNPP,SNPP,n,2.0NRT,283.53,0.71,N
35.97194,126.60604,310.81,0.41,0.37,2026-06-06,1724,SNPP,SNPP,n,2.0NRT,288.34,1.05,N
35.37008,128.48561,320.05,0.38,0.36,2026-06-06,1724,SNPP,SNPP,n,2.0NRT,291.66,1.27,N
35.36745,128.48691,321.99,0.38,0.36,2026-06-06,1724,SNPP,SNPP,n,2.0NRT,292.33,2.07,N
35.10016,128.86086,308.14,0.38,0.36,2026-06-06,1724,SNPP,SNPP,n,2.0NRT,290.29,0.76,N
35.09686,128.86008,306.97,0.38,0.36,2026-06-06,1724,SNPP,SNPP,n,2.0NRT,290.08,1.09,N
34.84209,127.70863,304.16,0.39,0.36,2026-06-06,1724,SNPP,SNPP,n,2.0NRT,293.38,0.61,N
35.27592,126.37534,334.21,0.38,0.36,2026-06-07,0444,SNPP,SNPP,n,2.0NRT,298.98,2.64,D
35.3194,126.59583,330.64,0.38,0.36,2026-06-07,0444,SNPP,SNPP,n,2.0NRT,299.47,1.2,D
36.98307,126.71514,336.27,0.45,0.39,2026-06-08,0425,SNPP,SNPP,l,2.0NRT,307,5.66,D
36.98213,126.71013,338.95,0.45,0.39,2026-06-08,0425,SNPP,SNPP,l,2.0NRT,308.94,5.66,D
36.97835,126.69008,330.72,0.45,0.39,2026-06-08,0425,SNPP,SNPP,l,2.0NRT,301.19,7.43,D
36.9847,126.70408,339.61,0.45,0.39,2026-06-08,0425,SNPP,SNPP,l,2.0NRT,307.75,6.42,D
36.98376,126.69908,334.76,0.45,0.39,2026-06-08,0425,SNPP,SNPP,l,2.0NRT,303.32,6.42,D
36.98187,126.68906,334.53,0.45,0.39,2026-06-08,0425,SNPP,SNPP,l,2.0NRT,304.48,9.56,D
36.99175,126.70203,340.74,0.45,0.39,2026-06-08,0425,SNPP,SNPP,l,2.0NRT,305.57,14.05,D
37.48575,129.0519,302.05,0.6,0.53,2026-06-08,1645,SNPP,SNPP,n,2.0NRT,277.07,2.02,N
37.48448,129.05214,302.36,0.6,0.53,2026-06-08,1645,SNPP,SNPP,n,2.0NRT,272.13,2.48,N
37.42549,129.17548,298.31,0.59,0.53,2026-06-08,1645,SNPP,SNPP,n,2.0NRT,283.01,1.86,N
37.18684,128.32082,300.38,0.33,0.55,2026-06-08,1645,SNPP,SNPP,n,2.0NRT,284.82,0.76,N
36.98661,126.68854,319.93,0.4,0.6,2026-06-08,1645,SNPP,SNPP,n,2.0NRT,292.09,1.94,N
36.98607,126.69777,313.17,0.4,0.6,2026-06-08,1645,SNPP,SNPP,n,2.0NRT,290.81,3.74,N
36.98553,126.70703,308.58,0.4,0.6,2026-06-08,1645,SNPP,SNPP,n,2.0NRT,290.7,3.38,N
36.98526,126.71173,307.48,0.4,0.6,2026-06-08,1645,SNPP,SNPP,n,2.0NRT,288.51,1.49,N
36.981,126.68803,326.01,0.4,0.6,2026-06-08,1645,SNPP,SNPP,n,2.0NRT,289.87,1.94,N
36.98127,126.68343,300.08,0.4,0.6,2026-06-08,1645,SNPP,SNPP,n,2.0NRT,287.34,1.94,N
37.48229,129.04713,297.52,0.57,0.69,2026-06-08,1826,SNPP,SNPP,n,2.0NRT,283.65,0.99,N
37.42352,129.17215,302.3,0.58,0.7,2026-06-08,1826,SNPP,SNPP,n,2.0NRT,284.64,1.63,N
37.22788,128.32153,302.09,0.53,0.67,2026-06-08,1826,SNPP,SNPP,n,2.0NRT,284.48,1.24,N
37.015,128.34103,300.39,0.54,0.68,2026-06-08,1826,SNPP,SNPP,n,2.0NRT,286.03,1.03,N
37.01065,128.33286,297.57,0.54,0.68,2026-06-08,1826,SNPP,SNPP,n,2.0NRT,285.63,1.75,N
37.01289,128.33434,298.89,0.54,0.68,2026-06-08,1826,SNPP,SNPP,n,2.0NRT,285.8,0.82,N
37.0112,128.34007,303.21,0.54,0.68,2026-06-08,1826,SNPP,SNPP,n,2.0NRT,285.72,0.82,N
36.98627,126.71012,298.25,0.45,0.63,2026-06-08,1826,SNPP,SNPP,n,2.0NRT,287.88,0.8,N
36.9862,126.68816,307.11,0.45,0.63,2026-06-08,1826,SNPP,SNPP,n,2.0NRT,289.88,0.88,N
36.98481,126.69308,299.67,0.45,0.63,2026-06-08,1826,SNPP,SNPP,n,2.0NRT,288.72,0.88,N
36.98064,126.68574,302.48,0.45,0.63,2026-06-08,1826,SNPP,SNPP,n,2.0NRT,287.2,0.88,N
